key_id,match_id,tournament_name,tournament_id,stage,match_date,match_name,stadium_name,home_team_name,away_team_name,score,home_team_score,away_team_score,home_team_score_margin,away_team_score_margin,total_goals,home_1ht_score,home_2ht_score,away_1ht_score,away_2ht_score,extra_time,home_team_et_score,away_team_et_score,home_1et_score,home_2et_score,away_1et_score,away_2et_score,penalty_shootout,score_penalties,home_team_score_penalties,away_team_score_penalties,result,note
1,EYFC-2019-01,2019 Egba Youth Football Championship,EYFC-2019,group stage,"Friday, June 7, 2019",Amolaso Boys vs Comprehensive Academy,Muda Lawal Stadium,Amolaso Boys,Comprehensive Academy,0-3,0,3,-3,3,3,0,0,0,3,no,,,,,,,,,,,,walkover
2,EYFC-2019-02,2019 Egba Youth Football Championship,EYFC-2019,group stage,"Friday, June 7, 2019",Ita Ika Boys vs Eleven Captain,Muda Lawal Stadium,Ita Ika Boys,Eleven Captain,1-2,1,2,-1,1,3,0,1,2,0,,,,,,,,,,,,,
3,EYFC-2019-03,2019 Egba Youth Football Championship,EYFC-2019,group stage,"Friday, June 7, 2019",Oluwo Santos vs United Boys,Muda Lawal Stadium,Oluwo Santos,United Boys,0-3,0,3,-3,3,3,0,0,0,3,,,,,,,,,,,,,
4,EYFC-2019-04,2019 Egba Youth Football Championship,EYFC-2019,group stage,"Saturday, June 8, 2019",Winners vs Achievers,Muda Lawal Stadium,Winners,Achievers,2-2,2,2,0,0,4,2,0,0,2,,,,,,,,,,,,,
5,EYFC-2019-05,2019 Egba Youth Football Championship,EYFC-2019,group stage,"Saturday, June 8, 2019",TACN vs Patriots,Muda Lawal Stadium,TACN,Patriots,0-2,0,2,-2,2,2,0,0,0,2,,,,,,,,,,,,,
6,EYFC-2019-06,2019 Egba Youth Football Championship,EYFC-2019,group stage,"Saturday, June 8, 2019",Samba Boys vs Mawuko Golden Stars,Muda Lawal Stadium,Samba Boys,Mawuko Golden Stars,3-0,3,0,3,-3,3,3,0,0,0,,,,,,,,,,,,,
7,EYFC-2019-07,2019 Egba Youth Football Championship,EYFC-2019,group stage,"Sunday, June 9, 2019",Abule Otun Academy vs Ajegunle All Stars,Muda Lawal Stadium,Abule Otun Academy,Ajegunle All Stars,0-1,0,1,-1,1,1,0,0,0,1,,,,,,,,,,,,,
8,EYFC-2019-08,2019 Egba Youth Football Championship,EYFC-2019,group stage,"Sunday, June 9, 2019",Idera United vs Young Stars,Muda Lawal Stadium,Idera United,Young Stars,0-1,0,1,-1,1,1,0,0,1,0,,,,,,,,,,,,,
9,EYFC-2019-09,2019 Egba Youth Football Championship,EYFC-2019,group stage,"Sunday, June 9, 2019",Shalom United vs NIS Reformation,Muda Lawal Stadium,Shalom United,NIS Reformation,0-4,0,4,-4,4,4,0,0,2,2,,,,,,,,,,,,,
10,EYFC-2019-10,2019 Egba Youth Football Championship,EYFC-2019,group stage,"Friday, June 14, 2019",Infinity Boys vs Mighty Stars,Muda Lawal Stadium,Infinity Boys,Mighty Stars,0-0,0,0,0,0,0,0,0,0,0,,,,,,,,,,,,,
11,EYFC-2019-11,2019 Egba Youth Football Championship,EYFC-2019,group stage,"Friday, June 14, 2019",Unique Stars vs Mighty Jets,Muda Lawal Stadium,Unique Stars,Mighty Jets,0-3,0,3,-3,3,3,0,0,3,0,,,,,,,,,,,,,
12,EYFC-2019-12,2019 Egba Youth Football Championship,EYFC-2019,group stage,"Friday, June 14, 2019",Eleven Captain vs TACN,Muda Lawal Stadium,Eleven Captain,TACN,1-0,1,0,1,-1,1,0,1,0,0,,,,,,,,,,,,,
13,EYFC-2019-13,2019 Egba Youth Football Championship,EYFC-2019,group stage,"Saturday, June 15, 2019",United Boys vs Amolaso Boys,Muda Lawal Stadium,United Boys,Amolaso Boys,1-2,1,2,-1,1,3,1,0,2,0,,,,,,,,,,,,,
14,EYFC-2019-14,2019 Egba Youth Football Championship,EYFC-2019,group stage,"Saturday, June 15, 2019",Patriots vs Ita Ika Boys,Muda Lawal Stadium,Patriots,Ita Ika Boys,0-1,0,1,-1,1,1,0,0,1,0,,,,,,,,,,,,,
15,EYFC-2019-15,2019 Egba Youth Football Championship,EYFC-2019,group stage,"Saturday, June 15, 2019",Comprehensive Academy vs Oluwo Santos,Muda Lawal Stadium,Comprehensive Academy,Oluwo Santos,0-3,0,3,-3,3,3,0,0,0,3,,,,,,,,,,,,,
16,EYFC-2019-16,2019 Egba Youth Football Championship,EYFC-2019,group stage,"Sunday, June 16, 2019",Achievers vs Mawuko Golden Stars,Muda Lawal Stadium,Achievers,Mawuko Golden Stars,5-0,5,0,5,-5,5,2,3,0,0,,,,,,,,,,,,,
17,EYFC-2019-17,2019 Egba Youth Football Championship,EYFC-2019,group stage,"Sunday, June 16, 2019",NIS Reformation vs Abule Otun Academy,Muda Lawal Stadium,NIS Reformation,Abule Otun Academy,0-0,0,0,0,0,0,0,0,0,0,,,,,,,,,,,,,
18,EYFC-2019-18,2019 Egba Youth Football Championship,EYFC-2019,group stage,"Sunday, June 16, 2019",Samba Boys vs Winners,Muda Lawal Stadium,Samba Boys,Winners,3-2,3,2,1,-1,5,1,2,1,1,,,,,,,,,,,,,
19,EYFC-2019-19,2019 Egba Youth Football Championship,EYFC-2019,group stage,"Friday, June 21, 2019",Mighty Jets vs Idera United,Muda Lawal Stadium,Mighty Jets,Idera United,1-1,1,1,0,0,2,0,1,0,1,,,,,,,,,,,,,
20,EYFC-2019-20,2019 Egba Youth Football Championship,EYFC-2019,group stage,"Friday, June 21, 2019",Ajegunle All Stars vs Shalom United,Muda Lawal Stadium,Ajegunle All Stars,Shalom United,1-0,1,0,1,-1,1,0,1,0,0,,,,,,,,,,,,,
21,EYFC-2019-21,2019 Egba Youth Football Championship,EYFC-2019,group stage,"Friday, June 21, 2019",Young Stars vs Unique Stars,Muda Lawal Stadium,Young Stars,Unique Stars,2-2,2,2,0,0,4,1,1,1,1,,,,,,,,,,,,,
22,EYFC-2019-22,2019 Egba Youth Football Championship,EYFC-2019,group stage,"Saturday, June 22, 2019",United Boys vs Comprehensive Academy,Muda Lawal Stadium,United Boys,Comprehensive Academy,2-1,2,1,1,-1,3,1,1,0,1,,,,,,,,,,,,,
23,EYFC-2019-23,2019 Egba Youth Football Championship,EYFC-2019,group stage,"Saturday, June 22, 2019",Nawair Ur Deen vs Infinity Boys,Muda Lawal Stadium,Nawair Ur Deen,Infinity Boys,1-3,1,3,-2,2,4,1,0,1,2,,,,,,,,,,,,,
24,EYFC-2019-24,2019 Egba Youth Football Championship,EYFC-2019,group stage,"Saturday, June 22, 2019",Patriots vs Eleven Captain,Muda Lawal Stadium,Patriots,Eleven Captain,0-1,0,1,-1,1,1,0,0,1,0,,,,,,,,,,,,,
25,EYFC-2019-25,2019 Egba Youth Football Championship,EYFC-2019,group stage,"Sunday, June 23, 2019",Samba Boys vs Achievers,Muda Lawal Stadium,Samba Boys,Achievers,0-1,0,1,-1,1,1,0,0,0,1,,,,,,,,,,,,,
26,EYFC-2019-26,2019 Egba Youth Football Championship,EYFC-2019,group stage,"Sunday, June 23, 2019",Amolaso Boys vs Oluwo Santos,Muda Lawal Stadium,Amolaso Boys,Oluwo Santos,3-0,3,0,3,-3,3,1,2,0,0,,,,,,,,,,,,,
27,EYFC-2019-27,2019 Egba Youth Football Championship,EYFC-2019,group stage,"Sunday, June 23, 2019",Ita Ika Boys vs TACN,Muda Lawal Stadium,Ita Ika Boys,TACN,3-0,3,0,3,-3,3,1,2,0,0,,,,,,,,,,,,,
28,EYFC-2019-28,2019 Egba Youth Football Championship,EYFC-2019,group stage,"Friday, June 28, 2019",Winners vs Mawuko Golden Stars,Muda Lawal Stadium,Winners,Mawuko Golden Stars,3-0,3,0,3,-3,3,0,3,0,0,,,,,,,,,,,,,
29,EYFC-2019-29,2019 Egba Youth Football Championship,EYFC-2019,group stage,"Friday, June 28, 2019",Shalom United vs Abule Otun Academy,Muda Lawal Stadium,Shalom United,Abule Otun Academy,0-2,0,2,-2,2,2,0,0,1,1,,,,,,,,,,,,,
30,EYFC-2019-30,2019 Egba Youth Football Championship,EYFC-2019,group stage,"Friday, June 28, 2019",NIS Reformation vs Ajegunle All Stars,Muda Lawal Stadium,NIS Reformation,Ajegunle All Stars,1-2,1,2,-1,1,3,1,0,2,0,,,,,,,,,,,,,
31,EYFC-2019-31,2019 Egba Youth Football Championship,EYFC-2019,group stage,"Saturday, June 29, 2019",Idera United vs Unique Stars,Muda Lawal Stadium,Idera United,Unique Stars,0-2,0,2,-2,2,2,0,0,2,0,,,,,,,,,,,,,
32,EYFC-2019-32,2019 Egba Youth Football Championship,EYFC-2019,group stage,"Saturday, June 29, 2019",Young Stars vs Mighty Jets,Muda Lawal Stadium,Young Stars,Mighty Jets,1-2,1,2,-1,1,3,1,0,2,0,,,,,,,,,,,,,
33,EYFC-2019-33,2019 Egba Youth Football Championship,EYFC-2019,group stage,"Saturday, June 29, 2019",Mighty Stars vs Nawair Ur Deen,Muda Lawal Stadium,Mighty Stars,Nawair Ur Deen,1-0,1,0,1,-1,1,0,1,0,0,,,,,,,,,,,,,
34,EYFC-2019-34,2019 Egba Youth Football Championship,EYFC-2019,round of 16,"Friday, July 5, 2019",Eleven Captain vs Abule Otun Academy,Muda Lawal Stadium,Eleven Captain,Abule Otun Academy,2-1,2,1,1,-1,3,1,1,0,1,,,,,,,,,,,,,
35,EYFC-2019-35,2019 Egba Youth Football Championship,EYFC-2019,round of 16,"Friday, July 5, 2019",United Boys vs Samba Boys,Muda Lawal Stadium,United Boys,Samba Boys,0-1,0,1,-1,1,1,0,0,1,0,,,,,,,,,,,,,
36,EYFC-2019-36,2019 Egba Youth Football Championship,EYFC-2019,round of 16,"Friday, July 5, 2019",Comprehensive Academy vs Winners,Muda Lawal Stadium,Comprehensive Academy,Winners,1-0,1,0,1,-1,1,1,0,0,0,,,,,,,,,,,,,
37,EYFC-2019-37,2019 Egba Youth Football Championship,EYFC-2019,round of 16,"Friday, July 5, 2019",Achievers vs Amolaso Boys,Muda Lawal Stadium,Achievers,Amolaso Boys,2-1,2,1,1,-1,3,2,0,0,1,,,,,,,,,,,,,
38,EYFC-2019-38,2019 Egba Youth Football Championship,EYFC-2019,round of 16,"Saturday, July 6, 2019",Ajegunle All Stars vs Unique Stars,Muda Lawal Stadium,Ajegunle All Stars,Unique Stars,2-2,2,2,0,0,4,1,1,1,1,no,,,,,,,yes,4-3,4,3,,
39,EYFC-2019-39,2019 Egba Youth Football Championship,EYFC-2019,round of 16,"Saturday, July 6, 2019",Ita Ika Boys vs Mighty Stars,Muda Lawal Stadium,Ita Ika Boys,Mighty Stars,1-0,1,0,1,-1,1,1,0,0,0,,,,,,,,,,,,,
40,EYFC-2019-40,2019 Egba Youth Football Championship,EYFC-2019,round of 16,"Saturday, July 6, 2019",Mighty Jets vs NIS Reformation,Muda Lawal Stadium,Mighty Jets,NIS Reformation,0-3,0,3,-3,3,3,0,0,2,1,,,,,,,,,,,,,
41,EYFC-2019-41,2019 Egba Youth Football Championship,EYFC-2019,round of 16,"Saturday, July 6, 2019",Infinity Boys vs Young Stars,Muda Lawal Stadium,Infinity Boys,Young Stars,4-0,4,0,4,-4,4,2,2,0,0,,,,,,,,,,,,,
42,EYFC-2019-42,2019 Egba Youth Football Championship,EYFC-2019,quarter-final,"Saturday, July 13, 2019",Samba Boys vs Ajegunle All Stars,Muda Lawal Stadium,Samba Boys,Ajegunle All Stars,0-1,0,1,-1,1,1,0,0,0,1,,,,,,,,,,,,,
43,EYFC-2019-43,2019 Egba Youth Football Championship,EYFC-2019,quarter-final,"Saturday, July 13, 2019",Eleven Captain vs Infinity Boys,Muda Lawal Stadium,Eleven Captain,Infinity Boys,1-0,1,0,1,-1,1,0,1,0,0,,,,,,,,,,,,,
44,EYFC-2019-44,2019 Egba Youth Football Championship,EYFC-2019,quarter-final,"Saturday, July 13, 2019",NIS Reformation vs Achievers,Muda Lawal Stadium,NIS Reformation,Achievers,0-0,0,0,0,0,0,0,0,0,0,no,,,,,,,yes,3-1,3,1,,
45,EYFC-2019-45,2019 Egba Youth Football Championship,EYFC-2019,quarter-final,"Saturday, July 13, 2019",Ita Ika Boys vs Comprehensive Academy,Muda Lawal Stadium,Ita Ika Boys,Comprehensive Academy,0-0,0,0,0,0,0,0,0,0,0,no,,,,,,,yes,5-6,5,6,,
46,EYFC-2019-46,2019 Egba Youth Football Championship,EYFC-2019,semi-final,"Sunday, July 21, 2019",Eleven Captain vs Ajegunle All Stars,Muda Lawal Stadium,Eleven Captain,Ajegunle All Stars,2-0,2,0,2,-2,2,2,0,0,0,,,,,,,,,,,,,
47,EYFC-2019-47,2019 Egba Youth Football Championship,EYFC-2019,semi-final,"Sunday, July 21, 2019",Comprehensive Academy vs NIS Reformation,Muda Lawal Stadium,Comprehensive Academy,NIS Reformation,0-1,0,1,-1,1,1,0,0,0,1,,,,,,,,,,,,,
48,EYFC-2019-48,2019 Egba Youth Football Championship,EYFC-2019,third-place,"Sunday, July 28, 2019",Ajegunle All Stars vs Comprehensive Academy,Muda Lawal Stadium,Ajegunle All Stars,Comprehensive Academy,0-1,0,1,-1,1,1,0,0,0,1,,,,,,,,,,,,,
49,EYFC-2019-49,2019 Egba Youth Football Championship,EYFC-2019,final,"Sunday, July 28, 2019",NIS Reformation vs Eleven Captain,Muda Lawal Stadium,NIS Reformation,Eleven Captain,3-1,3,1,2,-2,4,3,0,1,0,,,,,,,,,,,,,
50,EYFC-2020-01,2020 Egba Youth Football Championship,EYFC-2020,group stage,"Friday, March 6, 2020",Gadmaj vs FMCA United,Muda Lawal Stadium,Gadmaj,FMCA United,3-1,3,1,2,-2,4,1,2,1,0,,,,,,,,,,,,,
51,EYFC-2020-02,2020 Egba Youth Football Championship,EYFC-2020,group stage,"Friday, March 6, 2020",Mighty Jets vs Surveyors,Muda Lawal Stadium,Mighty Jets,Surveyors,0-1,0,1,-1,1,1,0,0,1,0,,,,,,,,,,,,,
52,EYFC-2020-03,2020 Egba Youth Football Championship,EYFC-2020,group stage,"Friday, March 6, 2020",TACN vs Egba Anglican Diocese,Muda Lawal Stadium,TACN,Egba Anglican Diocese,0-0,0,0,0,0,0,0,0,0,0,,,,,,,,,,,,,
53,EYFC-2020-04,2020 Egba Youth Football Championship,EYFC-2020,group stage,"Friday, March 6, 2020",Eri Football Academy vs Samba Boys,Muda Lawal Stadium,Eri Football Academy,Samba Boys,2-0,2,0,2,-2,2,0,2,0,0,,,,,,,,,,,,,
54,EYFC-2020-05,2020 Egba Youth Football Championship,EYFC-2020,group stage,"Saturday, March 7, 2020",Midas Touch vs O Se Olorun,Muda Lawal Stadium,Midas Touch,O Se Olorun,2-1,2,1,1,-1,3,1,1,1,0,,,,,,,,,,,,,
55,EYFC-2020-06,2020 Egba Youth Football Championship,EYFC-2020,group stage,"Saturday, March 7, 2020",Ajegunle All Stars vs AR United,Muda Lawal Stadium,Ajegunle All Stars,AR United,0-0,0,0,0,0,0,0,0,0,0,,,,,,,,,,,,,
56,EYFC-2020-07,2020 Egba Youth Football Championship,EYFC-2020,group stage,"Saturday, March 7, 2020",Young Stars vs Dream Team,Muda Lawal Stadium,Young Stars,Dream Team,1-4,1,4,-3,3,5,0,1,0,4,,,,,,,,,,,,,
57,EYFC-2020-08,2020 Egba Youth Football Championship,EYFC-2020,group stage,"Saturday, March 7, 2020",Winners vs Eddy Aina Boys,Muda Lawal Stadium,Winners,Eddy Aina Boys,0-0,0,0,0,0,0,0,0,0,0,,,,,,,,,,,,,
58,EYFC-2020-09,2020 Egba Youth Football Championship,EYFC-2020,group stage,"Sunday, March 8, 2020",Oloyede vs Favour,Muda Lawal Stadium,Oloyede,Favour,1-1,1,1,0,0,2,0,1,0,1,,,,,,,,,,,,,
59,EYFC-2020-10,2020 Egba Youth Football Championship,EYFC-2020,group stage,"Sunday, March 8, 2020",Ogun NYSC vs Jimalok,Muda Lawal Stadium,Ogun NYSC,Jimalok,2-1,2,1,1,-1,3,1,1,0,1,,,,,,,,,,,,,
60,EYFC-2020-11,2020 Egba Youth Football Championship,EYFC-2020,group stage,"Sunday, March 8, 2020",Allen-Taylor Football Academy vs Mighty Stars,Muda Lawal Stadium,Allen-Taylor Football Academy,Mighty Stars,1-0,1,0,1,-1,1,0,1,0,0,,,,,,,,,,,,,
61,EYFC-2020-12,2020 Egba Youth Football Championship,EYFC-2020,group stage,"Sunday, March 8, 2020",Mabak vs Infinity Boys,Muda Lawal Stadium,Mabak,Infinity Boys,2-1,2,1,1,-1,3,2,0,1,0,,,,,,,,,,,,,
62,EYFC-2020-13,2020 Egba Youth Football Championship,EYFC-2020,group stage,"Wednesday, March 11, 2020",O Se Olorun vs Young Stars,Muda Lawal Stadium,O Se Olorun,Young Stars,1-1,1,1,0,0,2,1,0,0,1,,,,,,,,,,,,,
63,EYFC-2020-14,2020 Egba Youth Football Championship,EYFC-2020,group stage,"Wednesday, March 11, 2020",Egba Anglican Diocese vs Gadmaj,Muda Lawal Stadium,Egba Anglican Diocese,Gadmaj,2-1,2,1,1,-1,3,2,0,0,1,,,,,,,,,,,,,
64,EYFC-2020-15,2020 Egba Youth Football Championship,EYFC-2020,group stage,"Wednesday, March 11, 2020",Jimalok vs Mabak,Muda Lawal Stadium,Jimalok,Mabak,0-5,0,5,-5,5,5,0,0,4,1,,,,,,,,,,,,,
65,EYFC-2020-16,2020 Egba Youth Football Championship,EYFC-2020,group stage,"Wednesday, March 11, 2020",Dream Team vs Midas Touch,Muda Lawal Stadium,Dream Team,Midas Touch,2-1,2,1,1,-1,3,2,0,1,0,,,,,,,,,,,,,
66,EYFC-2020-17,2020 Egba Youth Football Championship,EYFC-2020,group stage,"Saturday, March 14, 2020",FMCA United vs TACN,Muda Lawal Stadium,FMCA United,TACN,3-1,3,1,2,-2,4,0,3,0,1,,,,,,,,,,,,,
67,EYFC-2020-18,2020 Egba Youth Football Championship,EYFC-2020,group stage,"Saturday, March 14, 2020",Favour vs Winners,Muda Lawal Stadium,Favour,Winners,2-2,2,2,0,0,4,0,2,0,2,,,,,,,,,,,,,
68,EYFC-2020-19,2020 Egba Youth Football Championship,EYFC-2020,group stage,"Saturday, March 14, 2020",Eddy Aina Boys vs Oloyede,Muda Lawal Stadium,Eddy Aina Boys,Oloyede,0-1,0,1,-1,1,1,0,0,0,1,,,,,,,,,,,,,
69,EYFC-2020-20,2020 Egba Youth Football Championship,EYFC-2020,group stage,"Saturday, March 14, 2020",Mighty Stars vs Ajegunle All Stars,Muda Lawal Stadium,Mighty Stars,Ajegunle All Stars,2-1,2,1,1,-1,3,0,2,0,1,,,,,,,,,,,,,
70,EYFC-2020-21,2020 Egba Youth Football Championship,EYFC-2020,group stage,"Sunday, March 15, 2020",AR United vs Allen-Taylor Football Academy,Muda Lawal Stadium,AR United,Allen-Taylor Football Academy,1-2,1,2,-1,1,3,1,0,1,1,,,,,,,,,,,,,
71,EYFC-2020-22,2020 Egba Youth Football Championship,EYFC-2020,group stage,"Sunday, March 15, 2020",Infinity Boys vs Ogun NYSC,Muda Lawal Stadium,Infinity Boys,Ogun NYSC,1-0,1,0,1,-1,1,1,0,0,0,,,,,,,,,,,,,
72,EYFC-2020-23,2020 Egba Youth Football Championship,EYFC-2020,group stage,"Sunday, March 15, 2020",Samba Boys vs Mighty Jets,Muda Lawal Stadium,Samba Boys,Mighty Jets,1-1,1,1,0,0,2,1,0,0,1,,,,,,,,,,,,,
73,EYFC-2020-24,2020 Egba Youth Football Championship,EYFC-2020,group stage,"Sunday, March 15, 2020",Surveyors vs Eri Football Academy,Muda Lawal Stadium,Surveyors,Eri Football Academy,0-0,0,0,0,0,0,0,0,0,0,,,,,,,,,,,,,
74,EYFC-2021-01,2021 Egba Youth Football Championship,EYFC-2021,group stage,"Friday, March 5, 2021",Powerline vs Idera United,Muda Lawal Stadium,Powerline,Idera United,4-0,4,0,4,-4,4,3,1,0,0,,,,,,,,,,,,,
75,EYFC-2021-02,2021 Egba Youth Football Championship,EYFC-2021,group stage,"Friday, March 5, 2021",Trace vs Sacred Heart Hospital,Muda Lawal Stadium,Trace,Sacred Heart Hospital,0-1,0,1,-1,1,1,0,0,0,1,,,,,,,,,,,,,
76,EYFC-2021-03,2021 Egba Youth Football Championship,EYFC-2021,group stage,"Friday, March 5, 2021",Dream Team vs AS Success,Muda Lawal Stadium,Dream Team,AS Success,0-2,0,2,-2,2,2,0,0,2,0,,,,,,,,,,,,,
77,EYFC-2021-04,2021 Egba Youth Football Championship,EYFC-2021,group stage,"Friday, March 5, 2021",Egba Anglican Diocese vs Mabak,Muda Lawal Stadium,Egba Anglican Diocese,Mabak,0-2,0,2,-2,2,2,0,0,2,0,,,,,,,,,,,,,
78,EYFC-2021-05,2021 Egba Youth Football Championship,EYFC-2021,group stage,"Saturday, March 6, 2021",Mat vs Winners,Muda Lawal Stadium,Mat,Winners,0-0,0,0,0,0,0,0,0,0,0,,,,,,,,,,,,,
79,EYFC-2021-06,2021 Egba Youth Football Championship,EYFC-2021,group stage,"Saturday, March 6, 2021",Elere Adubi vs TACN,Muda Lawal Stadium,Elere Adubi,TACN,0-0,0,0,0,0,0,0,0,0,0,,,,,,,,,,,,,
80,EYFC-2021-07,2021 Egba Youth Football Championship,EYFC-2021,group stage,"Saturday, March 6, 2021",Favour vs Infinity Boys,Muda Lawal Stadium,Favour,Infinity Boys,0-0,0,0,0,0,0,0,0,0,0,,,,,,,,,,,,,
81,EYFC-2021-08,2021 Egba Youth Football Championship,EYFC-2021,group stage,"Saturday, March 6, 2021",Samba Boys vs Surveyors,Muda Lawal Stadium,Samba Boys,Surveyors,0-0,0,0,0,0,0,0,0,0,0,,,,,,,,,,,,,
82,EYFC-2021-09,2021 Egba Youth Football Championship,EYFC-2021,group stage,"Thursday, March 11, 2021",Unique Stars vs Mighty Stars,Muda Lawal Stadium,Unique Stars,Mighty Stars,0-2,0,2,-2,2,2,0,0,0,2,,,,,,,,,,,,,
83,EYFC-2021-10,2021 Egba Youth Football Championship,EYFC-2021,group stage,"Thursday, March 11, 2021",Young Stars vs Midas Touch,Muda Lawal Stadium,Young Stars,Midas Touch,2-4,2,4,-2,2,6,1,1,2,2,,,,,,,,,,,,,
84,EYFC-2021-11,2021 Egba Youth Football Championship,EYFC-2021,group stage,"Thursday, March 11, 2021",Apete vs Iyanbu,Muda Lawal Stadium,Apete,Iyanbu,1-2,1,2,-1,1,3,0,1,0,2,,,,,,,,,,,,,
85,EYFC-2021-12,2021 Egba Youth Football Championship,EYFC-2021,group stage,"Thursday, March 11, 2021",Patriots vs AR United,Muda Lawal Stadium,Patriots,AR United,2-0,2,0,2,-2,2,0,2,0,0,,,,,,,,,,,,,
86,EYFC-2021-13,2021 Egba Youth Football Championship,EYFC-2021,group stage,"Friday, March 12, 2021",Jimalok vs NSCDC,Muda Lawal Stadium,Jimalok,NSCDC,0-1,0,1,-1,1,1,0,0,0,1,,,,,,,,,,,,,
87,EYFC-2021-14,2021 Egba Youth Football Championship,EYFC-2021,group stage,"Friday, March 12, 2021",Comprehensive Academy vs Prudence,Muda Lawal Stadium,Comprehensive Academy,Prudence,4-0,4,0,4,-4,4,1,3,0,0,,,,,,,,,,,,,
88,EYFC-2021-15,2021 Egba Youth Football Championship,EYFC-2021,group stage,"Friday, March 12, 2021",IAS Unique Homes vs Egba City U19,Muda Lawal Stadium,IAS Unique Homes,Egba City U19,3-0,3,0,3,-3,3,2,1,0,0,,,,,,,,,,,,,
89,EYFC-2021-16,2021 Egba Youth Football Championship,EYFC-2021,group stage,"Friday, March 12, 2021",Oke Lantoro vs MAOMF,Muda Lawal Stadium,Oke Lantoro,MAOMF,0-2,0,2,-2,2,2,0,0,1,1,,,,,,,,,,,,,
90,EYFC-2021-17,2021 Egba Youth Football Championship,EYFC-2021,group stage,"Saturday, March 13, 2021",Mabak vs Sacred Heart Hospital,Muda Lawal Stadium,Mabak,Sacred Heart Hospital,2-0,2,0,2,-2,2,1,1,0,0,,,,,,,,,,,,,
91,EYFC-2021-18,2021 Egba Youth Football Championship,EYFC-2021,group stage,"Saturday, March 13, 2021",Powerline vs Dream Team,Muda Lawal Stadium,Powerline,Dream Team,1-1,1,1,0,0,2,0,1,1,0,,,,,,,,,,,,,
92,EYFC-2021-19,2021 Egba Youth Football Championship,EYFC-2021,group stage,"Saturday, March 13, 2021",Trace vs Egba Anglican Diocese,Muda Lawal Stadium,Trace,Egba Anglican Diocese,2-1,2,1,1,-1,3,1,1,0,1,,,,,,,,,,,,,
93,EYFC-2021-20,2021 Egba Youth Football Championship,EYFC-2021,group stage,"Saturday, March 13, 2021",Idera United vs AS Success,Muda Lawal Stadium,Idera United,AS Success,1-3,1,3,-2,2,4,1,0,2,1,,,,,,,,,,,,,
94,EYFC-2021-21,2021 Egba Youth Football Championship,EYFC-2021,group stage,"Thursday, March 18, 2021",Winners vs Infinity Boys,Muda Lawal Stadium,Winners,Infinity Boys,1-1,1,1,0,0,2,0,1,0,1,,,,,,,,,,,,,
95,EYFC-2021-22,2021 Egba Youth Football Championship,EYFC-2021,group stage,"Thursday, March 18, 2021",Elere Adubi vs Samba Boys,Muda Lawal Stadium,Elere Adubi,Samba Boys,0-0,0,0,0,0,0,0,0,0,0,,,,,,,,,,,,,
96,EYFC-2021-23,2021 Egba Youth Football Championship,EYFC-2021,group stage,"Thursday, March 18, 2021",Mat vs Favour,Muda Lawal Stadium,Mat,Favour,0-0,0,0,0,0,0,0,0,0,0,,,,,,,,,,,,,
97,EYFC-2021-24,2021 Egba Youth Football Championship,EYFC-2021,group stage,"Thursday, March 18, 2021",TACN vs Surveyors,Muda Lawal Stadium,TACN,Surveyors,2-2,2,2,0,0,4,0,2,0,2,,,,,,,,,,,,,
98,EYFC-2021-25,2021 Egba Youth Football Championship,EYFC-2021,group stage,"Friday, March 19, 2021",Midas Touch vs AR United,Muda Lawal Stadium,Midas Touch,AR United,1-0,1,0,1,-1,1,0,1,0,0,,,,,,,,,,,,,
99,EYFC-2021-26,2021 Egba Youth Football Championship,EYFC-2021,group stage,"Friday, March 19, 2021",Mighty Stars vs Iyanbu,Muda Lawal Stadium,Mighty Stars,Iyanbu,2-2,2,2,0,0,4,2,0,1,1,,,,,,,,,,,,,
100,EYFC-2021-27,2021 Egba Youth Football Championship,EYFC-2021,group stage,"Friday, March 19, 2021",Young Stars vs Patriots,Muda Lawal Stadium,Young Stars,Patriots,0-1,0,1,-1,1,1,0,0,0,1,,,,,,,,,,,,,
101,EYFC-2021-28,2021 Egba Youth Football Championship,EYFC-2021,group stage,"Friday, March 19, 2021",Unique Stars vs Apete,Muda Lawal Stadium,Unique Stars,Apete,3-1,3,1,2,-2,4,2,1,0,1,,,,,,,,,,,,,
102,EYFC-2021-29,2021 Egba Youth Football Championship,EYFC-2021,group stage,"Saturday, March 20, 2021",Prudence vs MAOMF,Muda Lawal Stadium,Prudence,MAOMF,0-1,0,1,-1,1,1,0,0,0,1,,,,,,,,,,,,,
103,EYFC-2021-30,2021 Egba Youth Football Championship,EYFC-2021,group stage,"Saturday, March 20, 2021",NSCDC vs Egba City U19,Muda Lawal Stadium,NSCDC,Egba City U19,2-1,2,1,1,-1,3,1,1,1,0,,,,,,,,,,,,,
104,EYFC-2021-31,2021 Egba Youth Football Championship,EYFC-2021,group stage,"Saturday, March 20, 2021",Comprehensive Academy vs Oke Lantoro,Muda Lawal Stadium,Comprehensive Academy,Oke Lantoro,2-0,2,0,2,-2,2,2,0,0,0,,,,,,,,,,,,,
105,EYFC-2021-32,2021 Egba Youth Football Championship,EYFC-2021,group stage,"Saturday, March 20, 2021",Jimalok vs IAS Unique Homes,Muda Lawal Stadium,Jimalok,IAS Unique Homes,0-1,0,1,-1,1,1,0,0,1,0,,,,,,,,,,,,,
106,EYFC-2021-33,2021 Egba Youth Football Championship,EYFC-2021,group stage,"Sunday, March 21, 2021",AS Success vs Powerline,Muda Lawal Stadium,AS Success,Powerline,0-1,0,1,-1,1,1,0,0,1,0,,,,,,,,,,,,,
107,EYFC-2021-34,2021 Egba Youth Football Championship,EYFC-2021,group stage,"Sunday, March 21, 2021",Dream Team vs Idera United,Muda Lawal Stadium,Dream Team,Idera United,2-1,2,1,1,-1,3,2,0,1,0,,,,,,,,,,,,,
108,EYFC-2021-35,2021 Egba Youth Football Championship,EYFC-2021,group stage,"Sunday, March 21, 2021",Mabak vs Trace,Muda Lawal Stadium,Mabak,Trace,0-0,0,0,0,0,0,0,0,0,0,,,,,,,,,,,,,
109,EYFC-2021-36,2021 Egba Youth Football Championship,EYFC-2021,group stage,"Sunday, March 21, 2021",Egba Anglican Diocese vs Sacred Heart Hospital,Muda Lawal Stadium,Egba Anglican Diocese,Sacred Heart Hospital,0-3,0,3,-3,3,3,0,0,0,3,,,,,,,,,,,,,
110,EYFC-2021-37,2021 Egba Youth Football Championship,EYFC-2021,group stage,"Friday, March 26, 2021",Infinity Boys vs Mat,Muda Lawal Stadium,Infinity Boys,Mat,2-0,2,0,2,-2,2,1,1,0,0,,,,,,,,,,,,,
111,EYFC-2021-38,2021 Egba Youth Football Championship,EYFC-2021,group stage,"Friday, March 26, 2021",Favour vs Winners,Muda Lawal Stadium,Favour,Winners,1-0,1,0,1,-1,1,0,1,0,0,,,,,,,,,,,,,
112,EYFC-2021-39,2021 Egba Youth Football Championship,EYFC-2021,group stage,"Friday, March 26, 2021",Surveyors vs Elere Adubi,Muda Lawal Stadium,Surveyors,Elere Adubi,3-3,3,3,0,0,6,0,3,3,0,,,,,,,,,,,,,
113,EYFC-2021-40,2021 Egba Youth Football Championship,EYFC-2021,group stage,"Friday, March 26, 2021",Samba Boys vs TACN,Muda Lawal Stadium,Samba Boys,TACN,1-0,1,0,1,-1,1,1,0,0,0,,,,,,,,,,,,,
114,EYFC-2021-41,2021 Egba Youth Football Championship,EYFC-2021,group stage,"Saturday, March 27, 2021",Iyanbu vs Unique Stars,Muda Lawal Stadium,Iyanbu,Unique Stars,0-1,0,1,-1,1,1,0,0,1,0,,,,,,,,,,,,,
115,EYFC-2021-42,2021 Egba Youth Football Championship,EYFC-2021,group stage,"Saturday, March 27, 2021",Apete vs Mighty Stars,Muda Lawal Stadium,Apete,Mighty Stars,0-2,0,2,-2,2,2,0,0,1,1,,,,,,,,,,,,,
116,EYFC-2021-43,2021 Egba Youth Football Championship,EYFC-2021,group stage,"Saturday, March 27, 2021",AR United vs Young Stars,Muda Lawal Stadium,AR United,Young Stars,3-0,3,0,3,-3,3,1,2,0,0,,,,,,,,,,,,,
117,EYFC-2021-44,2021 Egba Youth Football Championship,EYFC-2021,group stage,"Saturday, March 27, 2021",Patriots vs Midas Touch,Muda Lawal Stadium,Patriots,Midas Touch,1-0,1,0,1,-1,1,1,0,0,0,,,,,,,,,,,,,
118,EYFC-2021-45,2021 Egba Youth Football Championship,EYFC-2021,group stage,"Sunday, March 28, 2021",Egba City U19 vs Jimalok,Muda Lawal Stadium,Egba City U19,Jimalok,3-0,3,0,3,-3,3,1,2,0,0,,,,,,,,,,,,,
119,EYFC-2021-46,2021 Egba Youth Football Championship,EYFC-2021,group stage,"Sunday, March 28, 2021",IAS Unique Homes vs NSCDC,Muda Lawal Stadium,IAS Unique Homes,NSCDC,1-1,1,1,0,0,2,1,0,1,0,,,,,,,,,,,,,
120,EYFC-2021-47,2021 Egba Youth Football Championship,EYFC-2021,group stage,"Sunday, March 28, 2021",MAOMF vs Comprehensive Academy,Muda Lawal Stadium,MAOMF,Comprehensive Academy,0-0,0,0,0,0,0,0,0,0,0,,,,,,,,,,,,,
121,EYFC-2021-48,2021 Egba Youth Football Championship,EYFC-2021,group stage,"Sunday, March 28, 2021",Oke Lantoro vs Prudence,Muda Lawal Stadium,Oke Lantoro,Prudence,2-0,2,0,2,-2,2,2,0,0,0,,,,,,,,,,,,,
122,EYFC-2021-49,2021 Egba Youth Football Championship,EYFC-2021,round of 16,"Friday, April 2, 2021",Powerline vs Sacred Heart Hospital,Muda Lawal Stadium,Powerline,Sacred Heart Hospital,2-1,2,1,1,-1,3,2,0,0,1,,,,,,,,,,,,,
123,EYFC-2021-50,2021 Egba Youth Football Championship,EYFC-2021,round of 16,"Friday, April 2, 2021",Infinity Boys vs Surveyors,Muda Lawal Stadium,Infinity Boys,Surveyors,0-1,0,1,-1,1,1,0,0,1,0,,,,,,,,,,,,,
124,EYFC-2021-51,2021 Egba Youth Football Championship,EYFC-2021,round of 16,"Friday, April 2, 2021",Mighty Stars vs Midas Touch,Muda Lawal Stadium,Mighty Stars,Midas Touch,1-0,1,0,1,-1,1,0,1,0,0,,,,,,,,,,,,,
125,EYFC-2021-52,2021 Egba Youth Football Championship,EYFC-2021,round of 16,"Friday, April 2, 2021",IAS Unique Homes vs MAOMF,Muda Lawal Stadium,IAS Unique Homes,MAOMF,0-1,0,1,-1,1,1,0,0,0,1,,,,,,,,,,,,,
126,EYFC-2021-53,2021 Egba Youth Football Championship,EYFC-2021,round of 16,"Saturday, April 3, 2021",Mabak vs AS Success,Muda Lawal Stadium,Mabak,AS Success,1-0,1,0,1,-1,1,0,1,0,0,,,,,,,,,,,,,
127,EYFC-2021-54,2021 Egba Youth Football Championship,EYFC-2021,round of 16,"Saturday, April 3, 2021",Samba Boys vs Favour,Muda Lawal Stadium,Samba Boys,Favour,0-2,0,2,-2,2,2,0,0,0,2,,,,,,,,,,,,,
128,EYFC-2021-55,2021 Egba Youth Football Championship,EYFC-2021,round of 16,"Saturday, April 3, 2021",Patriots vs Unique Stars,Muda Lawal Stadium,Patriots,Unique Stars,1-0,1,0,1,-1,1,1,0,0,0,,,,,,,,,,,,,
129,EYFC-2021-56,2021 Egba Youth Football Championship,EYFC-2021,round of 16,"Saturday, April 3, 2021",Comprehensive Academy vs NSCDC,Muda Lawal Stadium,Comprehensive Academy,NSCDC,2-1,2,1,1,-1,3,2,0,1,0,,,,,,,,,,,,,
130,EYFC-2021-57,2021 Egba Youth Football Championship,EYFC-2021,quarter-final,"Saturday, April 10, 2021",Powerline vs Surveyors,Muda Lawal Stadium,Powerline,Surveyors,1-2,1,2,-1,1,3,1,0,0,2,,,,,,,,,,,,,
131,EYFC-2021-58,2021 Egba Youth Football Championship,EYFC-2021,quarter-final,"Saturday, April 10, 2021",Mabak vs Favour,Muda Lawal Stadium,Mabak,Favour,1-0,1,0,1,-1,1,0,1,0,0,,,,,,,,,,,,,
132,EYFC-2021-59,2021 Egba Youth Football Championship,EYFC-2021,quarter-final,"Saturday, April 10, 2021",Mighty Stars vs MAOMF,Muda Lawal Stadium,Mighty Stars,MAOMF,0-2,0,2,-2,2,2,0,0,1,1,,,,,,,,,,,,,
133,EYFC-2021-60,2021 Egba Youth Football Championship,EYFC-2021,quarter-final,"Saturday, April 10, 2021",Patriots vs Comprehensive Academy,Muda Lawal Stadium,Patriots,Comprehensive Academy,1-2,1,2,-1,1,3,0,1,0,2,,,,,,,,,,,,,
134,EYFC-2021-61,2021 Egba Youth Football Championship,EYFC-2021,semi-final,"Saturday, April 17, 2021",Surveyors vs MAOMF,Muda Lawal Stadium,Surveyors,MAOMF,3-0,3,0,3,-3,3,2,1,0,0,,,,,,,,,,,,,
135,EYFC-2021-62,2021 Egba Youth Football Championship,EYFC-2021,semi-final,"Saturday, April 17, 2021",Mabak vs Comprehensive Academy,Muda Lawal Stadium,Mabak,Comprehensive Academy,0-1,0,1,-1,1,1,0,0,0,1,,,,,,,,,,,,,
136,EYFC-2021-63,2021 Egba Youth Football Championship,EYFC-2021,third-place,"Sunday, April 25, 2021",MAOMF vs Mabak,Muda Lawal Stadium,MAOMF,Mabak,0-0,0,0,0,0,0,0,0,0,0,,,,,,,,yes,12-13,12,13,,
137,EYFC-2021-64,2021 Egba Youth Football Championship,EYFC-2021,final,"Sunday, April 25, 2021",Surveyors vs Comprehensive Academy,Muda Lawal Stadium,Surveyors,Comprehensive Academy,1-0,1,0,1,-1,1,0,1,0,0,,,,,,,,,,,,,
138,EYFC-2022-01,2022 Egba Youth Football Championship,EYFC-2022,group stage,"Friday, February 11, 2022",Onigbedu vs AR United,Muda Lawal Stadium,Onigbedu,AR United,1-0,1,0,1,-1,1,1,0,0,0,,,,,,,,,,,,,
139,EYFC-2022-02,2022 Egba Youth Football Championship,EYFC-2022,group stage,"Friday, February 11, 2022",Patriots vs Trace,Muda Lawal Stadium,Patriots,Trace,1-1,1,1,0,0,2,0,1,1,0,,,,,,,,,,,,,
140,EYFC-2022-03,2022 Egba Youth Football Championship,EYFC-2022,group stage,"Friday, February 11, 2022",Debash vs TACN,Muda Lawal Stadium,Debash,TACN,2-3,2,3,-1,1,5,2,0,2,1,,,,,,,,,,,,,
141,EYFC-2022-04,2022 Egba Youth Football Championship,EYFC-2022,group stage,"Friday, February 11, 2022",Onward vs IAS Unique Homes,Muda Lawal Stadium,Onward,IAS Unique Homes,1-2,1,2,-1,1,3,1,0,2,0,,,,,,,,,,,,,
142,EYFC-2022-05,2022 Egba Youth Football Championship,EYFC-2022,group stage,"Saturday, February 12, 2022",Alagbede vs Prudence,Muda Lawal Stadium,Alagbede,Prudence,0-2,0,2,-2,2,2,0,0,2,0,,,,,,,,,,,,,
143,EYFC-2022-06,2022 Egba Youth Football Championship,EYFC-2022,group stage,"Saturday, February 12, 2022",Chummie vs Ogun Oshun Green Planters,Muda Lawal Stadium,Chummie,Ogun Oshun Green Planters,1-2,1,2,-1,1,3,0,1,0,2,,,,,,,,,,,,,
144,EYFC-2022-07,2022 Egba Youth Football Championship,EYFC-2022,group stage,"Saturday, February 12, 2022",Mighty Stars vs Apete,Muda Lawal Stadium,Mighty Stars,Apete,2-2,2,2,0,0,4,1,1,1,1,,,,,,,,,,,,,
145,EYFC-2022-08,2022 Egba Youth Football Championship,EYFC-2022,group stage,"Saturday, February 12, 2022",AMSAS vs Samba Boys,Muda Lawal Stadium,AMSAS,Samba Boys,0-2,0,2,-2,2,2,0,0,2,0,,,,,,,,,,,,,
146,EYFC-2022-09,2022 Egba Youth Football Championship,EYFC-2022,group stage,"Friday, February 18, 2022",Zion Boys Football Academy vs Ultimate,Muda Lawal Stadium,Zion Boys Football Academy,Ultimate,1-3,1,3,-2,2,4,1,0,3,0,,,,,,,,,,,,,
147,EYFC-2022-10,2022 Egba Youth Football Championship,EYFC-2022,group stage,"Friday, February 18, 2022",Triple A Lions vs Toyin Amuzu,Muda Lawal Stadium,Triple A Lions,Toyin Amuzu,1-2,1,2,-1,1,3,1,0,2,0,,,,,,,,,,,,,
148,EYFC-2022-11,2022 Egba Youth Football Championship,EYFC-2022,group stage,"Friday, February 18, 2022",Way Forward vs Ajax Sporting Club,Muda Lawal Stadium,Way Forward,Ajax Sporting Club,1-3,1,3,-2,2,4,1,0,0,3,,,,,,,,,,,,,
149,EYFC-2022-12,2022 Egba Youth Football Championship,EYFC-2022,group stage,"Friday, February 18, 2022",Ogun Baptist Conference vs Ajegunle All Stars,Muda Lawal Stadium,Ogun Baptist Conference,Ajegunle All Stars,3-1,3,1,2,-2,4,1,2,1,0,,,,,,,,,,,,,
150,EYFC-2022-13,2022 Egba Youth Football Championship,EYFC-2022,group stage,"Saturday, February 19, 2022",Prudence vs Mighty Stars,Muda Lawal Stadium,Prudence,Mighty Stars,0-2,0,2,-2,2,2,0,0,0,2,,,,,,,,,,,,,
151,EYFC-2022-14,2022 Egba Youth Football Championship,EYFC-2022,group stage,"Saturday, February 19, 2022",Samba Boys vs Chummie,Muda Lawal Stadium,Samba Boys,Chummie,0-1,0,1,-1,1,1,0,0,0,1,,,,,,,,,,,,,
152,EYFC-2022-15,2022 Egba Youth Football Championship,EYFC-2022,group stage,"Saturday, February 19, 2022",Ogun Oshun Green Planters vs AMSAS,Muda Lawal Stadium,Ogun Oshun Green Planters,AMSAS,1-0,1,0,1,-1,1,0,1,0,0,,,,,,,,,,,,,
153,EYFC-2022-16,2022 Egba Youth Football Championship,EYFC-2022,group stage,"Saturday, February 19, 2022",Apete vs Alagbede,Muda Lawal Stadium,Apete,Alagbede,1-3,1,3,-2,2,4,1,0,2,1,,,,,,,,,,,,,
154,EYFC-2022-17,2022 Egba Youth Football Championship,EYFC-2022,group stage,"Friday, February 25, 2022",Triple A Lions vs Ajegunle All Stars,Muda Lawal Stadium,Triple A Lions,Ajegunle All Stars,1-5,1,5,-4,4,6,1,0,3,2,,,,,,,,,,,,,
155,EYFC-2022-18,2022 Egba Youth Football Championship,EYFC-2022,group stage,"Friday, February 25, 2022",Ajax Sporting Club vs Zion Boys Football Academy,Muda Lawal Stadium,Ajax Sporting Club,Zion Boys Football Academy,1-0,1,0,1,-1,1,0,1,0,0,,,,,,,,,,,,,
156,EYFC-2022-19,2022 Egba Youth Football Championship,EYFC-2022,group stage,"Friday, February 25, 2022",Toyin Amuzu vs Ogun Baptist Conference,Muda Lawal Stadium,Toyin Amuzu,Ogun Baptist Conference,1-0,1,0,1,-1,1,0,1,0,0,,,,,,,,,,,,,
157,EYFC-2022-20,2022 Egba Youth Football Championship,EYFC-2022,group stage,"Friday, February 25, 2022",Ultimate vs Way Forward,Muda Lawal Stadium,Ultimate,Way Forward,2-1,2,1,1,-1,3,1,1,1,0,,,,,,,,,,,,,
158,EYFC-2022-21,2022 Egba Youth Football Championship,EYFC-2022,group stage,"Saturday, February 26, 2022",IAS Unique Homes vs Patriots,Muda Lawal Stadium,IAS Unique Homes,Patriots,0-3,0,3,-3,3,3,0,0,0,3,,,,,,,,,,,,,
159,EYFC-2022-22,2022 Egba Youth Football Championship,EYFC-2022,group stage,"Saturday, February 26, 2022",AR United vs Debash,Muda Lawal Stadium,AR United,Debash,0-2,0,2,-2,2,2,0,0,0,2,,,,,,,,,,,,,
160,EYFC-2022-23,2022 Egba Youth Football Championship,EYFC-2022,group stage,"Saturday, February 26, 2022",Trace vs Onward,Muda Lawal Stadium,Trace,Onward,3-1,3,1,2,-2,4,0,3,0,1,,,,,,,,,,,,,
161,EYFC-2022-24,2022 Egba Youth Football Championship,EYFC-2022,group stage,"Saturday, February 26, 2022",TACN vs Onigbedu,Muda Lawal Stadium,TACN,Onigbedu,2-0,2,0,2,-2,2,2,0,0,0,,,,,,,,,,,,,
162,EYFC-2022-25,2022 Egba Youth Football Championship,EYFC-2022,group stage,"Thursday, March 3, 2022",Way Forward vs Zion Boys Football Academy,Muda Lawal Stadium,Way Forward,Zion Boys Football Academy,0-0,0,0,0,0,0,0,0,0,0,,,,,,,,,,,,,
163,EYFC-2022-26,2022 Egba Youth Football Championship,EYFC-2022,group stage,"Thursday, March 3, 2022",Ajax Sporting Club vs Ultimate,Muda Lawal Stadium,Ajax Sporting Club,Ultimate,4-2,4,2,2,-2,6,1,3,2,0,,,,,,,,,,,,,
164,EYFC-2022-27,2022 Egba Youth Football Championship,EYFC-2022,group stage,"Thursday, March 3, 2022",Triple A Lions vs Ogun Baptist Conference,Muda Lawal Stadium,Triple A Lions,Ogun Baptist Conference,0-3,0,3,-3,3,3,0,0,0,3,,,,,,,,,,,,,
165,EYFC-2022-28,2022 Egba Youth Football Championship,EYFC-2022,group stage,"Thursday, March 3, 2022",Toyin Amuzu vs Ajegunle All Stars,Muda Lawal Stadium,Toyin Amuzu,Ajegunle All Stars,1-1,1,1,0,0,2,0,1,1,0,,,,,,,,,,,,,
166,EYFC-2022-29,2022 Egba Youth Football Championship,EYFC-2022,group stage,"Friday, March 4, 2022",Onigbedu vs Debash,Muda Lawal Stadium,Onigbedu,Debash,0-1,0,1,-1,1,1,0,0,0,1,,,,,,,,,,,,,
167,EYFC-2022-30,2022 Egba Youth Football Championship,EYFC-2022,group stage,"Friday, March 4, 2022",AR United vs TACN,Muda Lawal Stadium,AR United,TACN,1-0,1,0,1,-1,1,1,0,0,0,,,,,,,,,,,,,
168,EYFC-2022-31,2022 Egba Youth Football Championship,EYFC-2022,group stage,"Friday, March 4, 2022",Patriots vs Onward,Muda Lawal Stadium,Patriots,Onward,2-0,2,0,2,-2,2,1,1,0,0,,,,,,,,,,,,,
169,EYFC-2022-32,2022 Egba Youth Football Championship,EYFC-2022,group stage,"Friday, March 4, 2022",Trace vs IAS Unique Homes,Muda Lawal Stadium,Trace,IAS Unique Homes,3-0,3,0,3,-3,3,3,0,0,0,,,,,,,,,,,,,
170,EYFC-2022-33,2022 Egba Youth Football Championship,EYFC-2022,group stage,"Saturday, March 5, 2022",Alagbede vs Mighty Stars,Muda Lawal Stadium,Alagbede,Mighty Stars,3-2,3,2,1,-1,5,3,0,1,1,,,,,,,,,,,,,
171,EYFC-2022-34,2022 Egba Youth Football Championship,EYFC-2022,group stage,"Saturday, March 5, 2022",Prudence vs Apete,Muda Lawal Stadium,Prudence,Apete,2-0,2,0,2,-2,2,1,1,0,0,,,,,,,,,,,,,
172,EYFC-2022-35,2022 Egba Youth Football Championship,EYFC-2022,group stage,"Saturday, March 5, 2022",Chummie vs AMSAS,Muda Lawal Stadium,Chummie,AMSAS,1-1,1,1,0,0,2,0,1,1,0,,,,,,,,,,,,,
173,EYFC-2022-36,2022 Egba Youth Football Championship,EYFC-2022,group stage,"Saturday, March 5, 2022",Ogun Oshun Green Planters vs Samba Boys,Muda Lawal Stadium,Ogun Oshun Green Planters,Samba Boys,0-0,0,0,0,0,0,0,0,0,0,,,,,,,,,,,,,
174,EYFC-2022-37,2022 Egba Youth Football Championship,EYFC-2022,round of 16,"Friday, March 11, 2022",Mighty Stars vs Trace,Muda Lawal Stadium,Mighty Stars,Trace,1-3,1,3,-2,2,4,1,0,2,1,,,,,,,,,,,,,
175,EYFC-2022-38,2022 Egba Youth Football Championship,EYFC-2022,round of 16,"Friday, March 11, 2022",Debash vs Alagbede,Muda Lawal Stadium,Debash,Alagbede,3-0,3,0,3,-3,3,1,2,0,0,,,,,,,,,,,,,
176,EYFC-2022-39,2022 Egba Youth Football Championship,EYFC-2022,round of 16,"Friday, March 11, 2022",TACN vs Chummie,Muda Lawal Stadium,TACN,Chummie,0-0,0,0,0,0,0,0,0,0,0,,,,,,,,yes,9-8,9,8,,
177,EYFC-2022-40,2022 Egba Youth Football Championship,EYFC-2022,round of 16,"Friday, March 11, 2022",Prudence vs Onigbedu,Muda Lawal Stadium,Prudence,Onigbedu,1-2,1,2,-1,1,3,0,1,1,1,,,,,,,,,,,,,
178,EYFC-2022-41,2022 Egba Youth Football Championship,EYFC-2022,round of 16,"Saturday, March 12, 2022",Ogun Oshun Green Planters vs Ajegunle All Stars,Muda Lawal Stadium,Ogun Oshun Green Planters,Ajegunle All Stars,4-1,4,1,3,-3,5,3,1,1,0,,,,,,,,,,,,,
179,EYFC-2022-42,2022 Egba Youth Football Championship,EYFC-2022,round of 16,"Saturday, March 12, 2022",Patriots vs Ogun Baptist Conference,Muda Lawal Stadium,Patriots,Ogun Baptist Conference,3-2,3,2,1,-1,5,2,1,1,1,,,,,,,,,,,,,
180,EYFC-2022-43,2022 Egba Youth Football Championship,EYFC-2022,round of 16,"Saturday, March 12, 2022",Ajax Sporting Club vs Samba Boys,Muda Lawal Stadium,Ajax Sporting Club,Samba Boys,0-0,0,0,0,0,0,0,0,0,0,,,,,,,,yes,3-1,3,1,,
181,EYFC-2022-44,2022 Egba Youth Football Championship,EYFC-2022,round of 16,"Saturday, March 12, 2022",Toyin Amuzu vs Ultimate,Muda Lawal Stadium,Toyin Amuzu,Ultimate,0-0,0,0,0,0,0,0,0,0,0,,,,,,,,yes,5-6,5,6,,
182,EYFC-2022-45,2022 Egba Youth Football Championship,EYFC-2022,quarter-final,"Saturday, March 19, 2022",Debash vs Ogun Oshun Green Planters,Muda Lawal Stadium,Debash,Ogun Oshun Green Planters,1-1,1,1,0,0,2,1,0,0,1,,,,,,,,yes,4-2,4,2,,
183,EYFC-2022-46,2022 Egba Youth Football Championship,EYFC-2022,quarter-final,"Saturday, March 19, 2022",Trace vs Ultimate,Muda Lawal Stadium,Trace,Ultimate,1-0,1,0,1,-1,1,0,1,0,0,,,,,,,,,,,,,
184,EYFC-2022-47,2022 Egba Youth Football Championship,EYFC-2022,quarter-final,"Saturday, March 19, 2022",Ajax Sporting Club vs Onigbedu,Muda Lawal Stadium,Ajax Sporting Club,Onigbedu,2-0,2,0,2,-2,2,0,2,0,0,,,,,,,,,,,,,
185,EYFC-2022-48,2022 Egba Youth Football Championship,EYFC-2022,quarter-final,"Saturday, March 19, 2022",Patriots vs TACN,Muda Lawal Stadium,Patriots,TACN,3-2,3,2,1,-1,5,2,1,1,1,,,,,,,,,,,,,
186,EYFC-2022-49,2022 Egba Youth Football Championship,EYFC-2022,semi-final,"Saturday, March 26, 2022",Debash vs Trace,Muda Lawal Stadium,Debash,Trace,0-3,0,3,-3,3,3,0,0,1,2,,,,,,,,,,,,,
187,EYFC-2022-50,2022 Egba Youth Football Championship,EYFC-2022,semi-final,"Saturday, March 26, 2022",Ajax Sporting Club vs Patriots,Muda Lawal Stadium,Ajax Sporting Club,Patriots,1-0,1,0,1,-1,1,1,0,0,0,,,,,,,,,,,,,
188,EYFC-2022-51,2022 Egba Youth Football Championship,EYFC-2022,third-place,"Sunday, April 3, 2022",Debash vs Patriots,Muda Lawal Stadium,Debash,Patriots,3-3,3,3,0,0,6,0,3,0,3,,,,,,,,yes,6-5,6,5,,
189,EYFC-2022-52,2022 Egba Youth Football Championship,EYFC-2022,final,"Sunday, April 3, 2022",Trace vs Ajax Sporting Club,Muda Lawal Stadium,Trace,Ajax Sporting Club,0-1,0,1,-1,1,1,0,0,0,1,,,,,,,,,,,,,
190,EYFC-2024-01,2024 Egba Youth Football Championship,EYFC-2024,group stage,"Friday, April 19, 2024",Mighty Stars vs Oluwole,Muda Lawal Stadium,Mighty Stars,Oluwole,,,,,,,,,,,,,,,,,,,,,,,
191,EYFC-2024-02,2024 Egba Youth Football Championship,EYFC-2024,group stage,"Friday, April 19, 2024",Debash vs Ajegunle All Stars,Muda Lawal Stadium,Debash,Ajegunle All Stars,,,,,,,,,,,,,,,,,,,,,,,
192,EYFC-2024-03,2024 Egba Youth Football Championship,EYFC-2024,group stage,"Friday, April 19, 2024",United vs Toyin Amuzu,Muda Lawal Stadium,United,Toyin Amuzu,,,,,,,,,,,,,,,,,,,,,,,
193,EYFC-2024-04,2024 Egba Youth Football Championship,EYFC-2024,group stage,"Friday, April 19, 2024",AR United vs Gbench Achievers,Muda Lawal Stadium,AR United,Gbench Achievers,,,,,,,,,,,,,,,,,,,,,,,
194,EYFC-2024-05,2024 Egba Youth Football Championship,EYFC-2024,group stage,"Saturday, April 20, 2024",Golden Stars vs Patriots,Muda Lawal Stadium,Golden Stars,Patriots,,,,,,,,,,,,,,,,,,,,,,,
195,EYFC-2024-06,2024 Egba Youth Football Championship,EYFC-2024,group stage,"Saturday, April 20, 2024",FMCA United vs Favour,Muda Lawal Stadium,FMCA United,Favour,,,,,,,,,,,,,,,,,,,,,,,
196,EYFC-2024-07,2024 Egba Youth Football Championship,EYFC-2024,group stage,"Saturday, April 20, 2024",Zion Boys Football Academy vs Samba Boys,Muda Lawal Stadium,Zion Boys Football Academy,Samba Boys,,,,,,,,,,,,,,,,,,,,,,,
197,EYFC-2024-08,2024 Egba Youth Football Championship,EYFC-2024,group stage,"Saturday, April 20, 2024",Sacred Heart Hospital vs Alagbede,Muda Lawal Stadium,Sacred Heart Hospital,Alagbede,,,,,,,,,,,,,,,,,,,,,,,
198,EYFC-2024-09,2024 Egba Youth Football Championship,EYFC-2024,group stage,"Sunday, April 21, 2024",Jimalok vs Golden Knights Soccer Academy,Muda Lawal Stadium,Jimalok,Golden Knights Soccer Academy,,,,,,,,,,,,,,,,,,,,,,,
199,EYFC-2024-10,2024 Egba Youth Football Championship,EYFC-2024,group stage,"Sunday, April 21, 2024",Odemo United vs Encore Football Academy,Muda Lawal Stadium,Odemo United,Encore Football Academy,,,,,,,,,,,,,,,,,,,,,,,
200,EYFC-2024-11,2024 Egba Youth Football Championship,EYFC-2024,group stage,"Sunday, April 21, 2024",Young Boys vs Real Inter,Muda Lawal Stadium,Young Boys,Real Inter,,,,,,,,,,,,,,,,,,,,,,,
201,EYFC-2024-12,2024 Egba Youth Football Championship,EYFC-2024,group stage,"Friday, April 26, 2024",Joju Fadairo Babes vs AR United,Muda Lawal Stadium,Joju Fadairo Babes,AR United,,,,,,,,,,,,,,,,,,,,,,,
202,EYFC-2024-13,2024 Egba Youth Football Championship,EYFC-2024,group stage,"Friday, April 26, 2024",Favour vs Alagbede,Muda Lawal Stadium,Favour,Alagbede,,,,,,,,,,,,,,,,,,,,,,,
203,EYFC-2024-14,2024 Egba Youth Football Championship,EYFC-2024,group stage,"Friday, April 26, 2024",Kosa vs Golden Stars,Muda Lawal Stadium,Kosa,Golden Stars,,,,,,,,,,,,,,,,,,,,,,,
204,EYFC-2024-15,2024 Egba Youth Football Championship,EYFC-2024,group stage,"Friday, April 26, 2024",FMCA United vs Sacred Heart Hospital,Muda Lawal Stadium,FMCA United,Sacred Heart Hospital,,,,,,,,,,,,,,,,,,,,,,,
205,EYFC-2024-16,2024 Egba Youth Football Championship,EYFC-2024,group stage,"Saturday, April 27, 2024",Golden Knights Soccer Academy vs Real Inter,Muda Lawal Stadium,Golden Knights Soccer Academy,Real Inter,,,,,,,,,,,,,,,,,,,,,,,
206,EYFC-2024-17,2024 Egba Youth Football Championship,EYFC-2024,group stage,"Saturday, April 27, 2024",Ultimate vs Zion Boys Football Academy,Muda Lawal Stadium,Ultimate,Zion Boys Football Academy,,,,,,,,,,,,,,,,,,,,,,,
207,EYFC-2024-18,2024 Egba Youth Football Championship,EYFC-2024,group stage,"Saturday, April 27, 2024",Jimalok vs Young Boys,Muda Lawal Stadium,Jimalok,Young Boys,,,,,,,,,,,,,,,,,,,,,,,
208,EYFC-2024-19,2024 Egba Youth Football Championship,EYFC-2024,group stage,"Saturday, April 27, 2024",Prudence vs Debash,Muda Lawal Stadium,Prudence,Debash,,,,,,,,,,,,,,,,,,,,,,,
209,EYFC-2024-20,2024 Egba Youth Football Championship,EYFC-2024,group stage,"Sunday, April 28, 2024",Oluwole vs Toyin Amuzu,Muda Lawal Stadium,Oluwole,Toyin Amuzu,,,,,,,,,,,,,,,,,,,,,,,
210,EYFC-2024-21,2024 Egba Youth Football Championship,EYFC-2024,group stage,"Sunday, April 28, 2024",Mighty Stars vs United,Muda Lawal Stadium,Mighty Stars,United,,,,,,,,,,,,,,,,,,,,,,,
211,EYFC-2024-22,2024 Egba Youth Football Championship,EYFC-2024,group stage,"Sunday, April 28, 2024",Oluwole Junior vs Odemo United,Muda Lawal Stadium,Oluwole Junior,Odemo United,,,,,,,,,,,,,,,,,,,,,,,
212,EYFC-2024-23,2024 Egba Youth Football Championship,EYFC-2024,group stage,"Friday, May 3, 2024",Young Boys vs Golden Knights Soccer Academy,Muda Lawal Stadium,Young Boys,Golden Knights Soccer Academy,,,,,,,,,,,,,,,,,,,,,,,
213,EYFC-2024-24,2024 Egba Youth Football Championship,EYFC-2024,group stage,"Friday, May 3, 2024",Samba Boys vs Ultimate,Muda Lawal Stadium,Samba Boys,Ultimate,,,,,,,,,,,,,,,,,,,,,,,
214,EYFC-2024-25,2024 Egba Youth Football Championship,EYFC-2024,group stage,"Friday, May 3, 2024",Real Inter vs Jimalok,Muda Lawal Stadium,Real Inter,Jimalok,,,,,,,,,,,,,,,,,,,,,,,
215,EYFC-2024-26,2024 Egba Youth Football Championship,EYFC-2024,group stage,"Friday, May 3, 2024",Patriots vs Kosa,Muda Lawal Stadium,Patriots,Kosa,,,,,,,,,,,,,,,,,,,,,,,
216,EYFC-2024-27,2024 Egba Youth Football Championship,EYFC-2024,group stage,"Saturday, May 4, 2024",Encore Football Academy vs Oluwole Junior,Muda Lawal Stadium,Encore Football Academy,Oluwole Junior,,,,,,,,,,,,,,,,,,,,,,,
217,EYFC-2024-28,2024 Egba Youth Football Championship,EYFC-2024,group stage,"Saturday, May 4, 2024",Toyin Amuzu vs Mighty Stars,Muda Lawal Stadium,Toyin Amuzu,Mighty Stars,,,,,,,,,,,,,,,,,,,,,,,
218,EYFC-2024-29,2024 Egba Youth Football Championship,EYFC-2024,group stage,"Saturday, May 4, 2024",Ajegunle All Stars vs Prudence,Muda Lawal Stadium,Ajegunle All Stars,Prudence,,,,,,,,,,,,,,,,,,,,,,,
219,EYFC-2024-30,2024 Egba Youth Football Championship,EYFC-2024,group stage,"Saturday, May 4, 2024",United vs Oluwole,Muda Lawal Stadium,United,Oluwole,,,,,,,,,,,,,,,,,,,,,,,
220,EYFC-2024-31,2024 Egba Youth Football Championship,EYFC-2024,group stage,"Sunday, May 5, 2024",Gbench Achievers vs Joju Fadairo Babes,Muda Lawal Stadium,Gbench Achievers,Joju Fadairo Babes,,,,,,,,,,,,,,,,,,,,,,,
221,EYFC-2024-32,2024 Egba Youth Football Championship,EYFC-2024,group stage,"Sunday, May 5, 2024",Alagbede vs FMCA United,Muda Lawal Stadium,Alagbede,FMCA United,,,,,,,,,,,,,,,,,,,,,,,
222,EYFC-2024-33,2024 Egba Youth Football Championship,EYFC-2024,group stage,"Sunday, May 5, 2024",Sacred Heart Hospital vs Favour,Muda Lawal Stadium,Sacred Heart Hospital,Favour,,,,,,,,,,,,,,,,,,,,,,,
223,EYFC-2024-34,2024 Egba Youth Football Championship,EYFC-2024,round of 16,,,Muda Lawal Stadium,,,,,,,,,,,,,,,,,,,,,,,,,
224,EYFC-2024-35,2024 Egba Youth Football Championship,EYFC-2024,round of 16,,,Muda Lawal Stadium,,,,,,,,,,,,,,,,,,,,,,,,,
225,EYFC-2024-36,2024 Egba Youth Football Championship,EYFC-2024,round of 16,,,Muda Lawal Stadium,,,,,,,,,,,,,,,,,,,,,,,,,
226,EYFC-2024-37,2024 Egba Youth Football Championship,EYFC-2024,round of 16,,,Muda Lawal Stadium,,,,,,,,,,,,,,,,,,,,,,,,,
227,EYFC-2024-38,2024 Egba Youth Football Championship,EYFC-2024,round of 16,,,Muda Lawal Stadium,,,,,,,,,,,,,,,,,,,,,,,,,
228,EYFC-2024-39,2024 Egba Youth Football Championship,EYFC-2024,round of 16,,,Muda Lawal Stadium,,,,,,,,,,,,,,,,,,,,,,,,,
229,EYFC-2024-40,2024 Egba Youth Football Championship,EYFC-2024,round of 16,,,Muda Lawal Stadium,,,,,,,,,,,,,,,,,,,,,,,,,
230,EYFC-2024-41,2024 Egba Youth Football Championship,EYFC-2024,round of 16,,,Muda Lawal Stadium,,,,,,,,,,,,,,,,,,,,,,,,,
231,EYFC-2024-42,2024 Egba Youth Football Championship,EYFC-2024,quarter-final,,,Muda Lawal Stadium,,,,,,,,,,,,,,,,,,,,,,,,,
232,EYFC-2024-43,2024 Egba Youth Football Championship,EYFC-2024,quarter-final,,,Muda Lawal Stadium,,,,,,,,,,,,,,,,,,,,,,,,,
233,EYFC-2024-44,2024 Egba Youth Football Championship,EYFC-2024,quarter-final,,,Muda Lawal Stadium,,,,,,,,,,,,,,,,,,,,,,,,,
234,EYFC-2024-45,2024 Egba Youth Football Championship,EYFC-2024,quarter-final,,,Muda Lawal Stadium,,,,,,,,,,,,,,,,,,,,,,,,,
235,EYFC-2024-46,2024 Egba Youth Football Championship,EYFC-2024,semi-final,,,Muda Lawal Stadium,,,,,,,,,,,,,,,,,,,,,,,,,
236,EYFC-2024-47,2024 Egba Youth Football Championship,EYFC-2024,semi-final,,,Muda Lawal Stadium,,,,,,,,,,,,,,,,,,,,,,,,,
237,EYFC-2024-48,2024 Egba Youth Football Championship,EYFC-2024,third-place,,,Muda Lawal Stadium,,,,,,,,,,,,,,,,,,,,,,,,,
238,EYFC-2024-49,2024 Egba Youth Football Championship,EYFC-2024,final,,,Muda Lawal Stadium,,,,,,,,,,,,,,,,,,,,,,,,,
,,,,,,,,,,,,,,,,,,,,,,,,,,,,,,,,
,,,,,,,,,,,,,,,,,,,,,,,,,,,,,,,,
,,,,,,,,,,,,,,,,,,,,,,,,,,,,,,,,
,,,,,,,,,,,,,,,,,,,,,,,,,,,,,,,,
,,,,,,,,,,,,,,,,,,,,,,,,,,,,,,,,
,,,,,,,,,,,,,,,,,,,,,,,,,,,,,,,,
,,,,,,,,,,,,,,,,,,,,,,,,,,,,,,,,
,,,,,,,,,,,,,,,,,,,,,,,,,,,,,,,,
,,,,,,,,,,,,,,,,,,,,,,,,,,,,,,,,
,,,,,,,,,,,,,,,,,,,,,,,,,,,,,,,,
,,,,,,,,,,,,,,,,,,,,,,,,,,,,,,,,
,,,,,,,,,,,,,,,,,,,,,,,,,,,,,,,,
,,,,,,,,,,,,,,,,,,,,,,,,,,,,,,,,
,,,,,,,,,,,,,,,,,,,,,,,,,,,,,,,,
,,,,,,,,,,,,,,,,,,,,,,,,,,,,,,,,
,,,,,,,,,,,,,,,,,,,,,,,,,,,,,,,,
,,,,,,,,,,,,,,,,,,,,,,,,,,,,,,,,
,,,,,,,,,,,,,,,,,,,,,,,,,,,,,,,,
,,,,,,,,,,,,,,,,,,,,,,,,,,,,,,,,
,,,,,,,,,,,,,,,,,,,,,,,,,,,,,,,,
,,,,,,,,,,,,,,,,,,,,,,,,,,,,,,,,
,,,,,,,,,,,,,,,,,,,,,,,,,,,,,,,,
,,,,,,,,,,,,,,,,,,,,,,,,,,,,,,,,
,,,,,,,,,,,,,,,,,,,,,,,,,,,,,,,,
,,,,,,,,,,,,,,,,,,,,,,,,,,,,,,,,
,,,,,,,,,,,,,,,,,,,,,,,,,,,,,,,,
,,,,,,,,,,,,,,,,,,,,,,,,,,,,,,,,
,,,,,,,,,,,,,,,,,,,,,,,,,,,,,,,,
,,,,,,,,,,,,,,,,,,,,,,,,,,,,,,,,
,,,,,,,,,,,,,,,,,,,,,,,,,,,,,,,,
,,,,,,,,,,,,,,,,,,,,,,,,,,,,,,,,
,,,,,,,,,,,,,,,,,,,,,,,,,,,,,,,,
,,,,,,,,,,,,,,,,,,,,,,,,,,,,,,,,
,,,,,,,,,,,,,,,,,,,,,,,,,,,,,,,,
,,,,,,,,,,,,,,,,,,,,,,,,,,,,,,,,
,,,,,,,,,,,,,,,,,,,,,,,,,,,,,,,,
,,,,,,,,,,,,,,,,,,,,,,,,,,,,,,,,
,,,,,,,,,,,,,,,,,,,,,,,,,,,,,,,,
,,,,,,,,,,,,,,,,,,,,,,,,,,,,,,,,
,,,,,,,,,,,,,,,,,,,,,,,,,,,,,,,,
,,,,,,,,,,,,,,,,,,,,,,,,,,,,,,,,
,,,,,,,,,,,,,,,,,,,,,,,,,,,,,,,,
,,,,,,,,,,,,,,,,,,,,,,,,,,,,,,,,
,,,,,,,,,,,,,,,,,,,,,,,,,,,,,,,,
,,,,,,,,,,,,,,,,,,,,,,,,,,,,,,,,
,,,,,,,,,,,,,,,,,,,,,,,,,,,,,,,,
,,,,,,,,,,,,,,,,,,,,,,,,,,,,,,,,
,,,,,,,,,,,,,,,,,,,,,,,,,,,,,,,,
,,,,,,,,,,,,,,,,,,,,,,,,,,,,,,,,
,,,,,,,,,,,,,,,,,,,,,,,,,,,,,,,,
,,,,,,,,,,,,,,,,,,,,,,,,,,,,,,,,
,,,,,,,,,,,,,,,,,,,,,,,,,,,,,,,,
,,,,,,,,,,,,,,,,,,,,,,,,,,,,,,,,
,,,,,,,,,,,,,,,,,,,,,,,,,,,,,,,,
,,,,,,,,,,,,,,,,,,,,,,,,,,,,,,,,
,,,,,,,,,,,,,,,,,,,,,,,,,,,,,,,,
,,,,,,,,,,,,,,,,,,,,,,,,,,,,,,,,
,,,,,,,,,,,,,,,,,,,,,,,,,,,,,,,,
,,,,,,,,,,,,,,,,,,,,,,,,,,,,,,,,
,,,,,,,,,,,,,,,,,,,,,,,,,,,,,,,,
,,,,,,,,,,,,,,,,,,,,,,,,,,,,,,,,
,,,,,,,,,,,,,,,,,,,,,,,,,,,,,,,,
,,,,,,,,,,,,,,,,,,,,,,,,,,,,,,,,
,,,,,,,,,,,,,,,,,,,,,,,,,,,,,,,,
,,,,,,,,,,,,,,,,,,,,,,,,,,,,,,,,
,,,,,,,,,,,,,,,,,,,,,,,,,,,,,,,,
,,,,,,,,,,,,,,,,,,,,,,,,,,,,,,,,
,,,,,,,,,,,,,,,,,,,,,,,,,,,,,,,,
,,,,,,,,,,,,,,,,,,,,,,,,,,,,,,,,
,,,,,,,,,,,,,,,,,,,,,,,,,,,,,,,,
,,,,,,,,,,,,,,,,,,,,,,,,,,,,,,,,
,,,,,,,,,,,,,,,,,,,,,,,,,,,,,,,,
,,,,,,,,,,,,,,,,,,,,,,,,,,,,,,,,
,,,,,,,,,,,,,,,,,,,,,,,,,,,,,,,,
,,,,,,,,,,,,,,,,,,,,,,,,,,,,,,,,
,,,,,,,,,,,,,,,,,,,,,,,,,,,,,,,,
,,,,,,,,,,,,,,,,,,,,,,,,,,,,,,,,
,,,,,,,,,,,,,,,,,,,,,,,,,,,,,,,,
,,,,,,,,,,,,,,,,,,,,,,,,,,,,,,,,
,,,,,,,,,,,,,,,,,,,,,,,,,,,,,,,,
,,,,,,,,,,,,,,,,,,,,,,,,,,,,,,,,
,,,,,,,,,,,,,,,,,,,,,,,,,,,,,,,,
,,,,,,,,,,,,,,,,,,,,,,,,,,,,,,,,
,,,,,,,,,,,,,,,,,,,,,,,,,,,,,,,,
,,,,,,,,,,,,,,,,,,,,,,,,,,,,,,,,
,,,,,,,,,,,,,,,,,,,,,,,,,,,,,,,,
,,,,,,,,,,,,,,,,,,,,,,,,,,,,,,,,
,,,,,,,,,,,,,,,,,,,,,,,,,,,,,,,,
,,,,,,,,,,,,,,,,,,,,,,,,,,,,,,,,
,,,,,,,,,,,,,,,,,,,,,,,,,,,,,,,,
,,,,,,,,,,,,,,,,,,,,,,,,,,,,,,,,
,,,,,,,,,,,,,,,,,,,,,,,,,,,,,,,,
,,,,,,,,,,,,,,,,,,,,,,,,,,,,,,,,
,,,,,,,,,,,,,,,,,,,,,,,,,,,,,,,,
,,,,,,,,,,,,,,,,,,,,,,,,,,,,,,,,
,,,,,,,,,,,,,,,,,,,,,,,,,,,,,,,,
,,,,,,,,,,,,,,,,,,,,,,,,,,,,,,,,
,,,,,,,,,,,,,,,,,,,,,,,,,,,,,,,,
,,,,,,,,,,,,,,,,,,,,,,,,,,,,,,,,
,,,,,,,,,,,,,,,,,,,,,,,,,,,,,,,,
,,,,,,,,,,,,,,,,,,,,,,,,,,,,,,,,
,,,,,,,,,,,,,,,,,,,,,,,,,,,,,,,,
,,,,,,,,,,,,,,,,,,,,,,,,,,,,,,,,
,,,,,,,,,,,,,,,,,,,,,,,,,,,,,,,,
,,,,,,,,,,,,,,,,,,,,,,,,,,,,,,,,
,,,,,,,,,,,,,,,,,,,,,,,,,,,,,,,,
,,,,,,,,,,,,,,,,,,,,,,,,,,,,,,,,
,,,,,,,,,,,,,,,,,,,,,,,,,,,,,,,,
,,,,,,,,,,,,,,,,,,,,,,,,,,,,,,,,
,,,,,,,,,,,,,,,,,,,,,,,,,,,,,,,,
,,,,,,,,,,,,,,,,,,,,,,,,,,,,,,,,
,,,,,,,,,,,,,,,,,,,,,,,,,,,,,,,,
,,,,,,,,,,,,,,,,,,,,,,,,,,,,,,,,
,,,,,,,,,,,,,,,,,,,,,,,,,,,,,,,,
,,,,,,,,,,,,,,,,,,,,,,,,,,,,,,,,
,,,,,,,,,,,,,,,,,,,,,,,,,,,,,,,,
,,,,,,,,,,,,,,,,,,,,,,,,,,,,,,,,
,,,,,,,,,,,,,,,,,,,,,,,,,,,,,,,,
,,,,,,,,,,,,,,,,,,,,,,,,,,,,,,,,
,,,,,,,,,,,,,,,,,,,,,,,,,,,,,,,,
,,,,,,,,,,,,,,,,,,,,,,,,,,,,,,,,
,,,,,,,,,,,,,,,,,,,,,,,,,,,,,,,,
,,,,,,,,,,,,,,,,,,,,,,,,,,,,,,,,
,,,,,,,,,,,,,,,,,,,,,,,,,,,,,,,,
,,,,,,,,,,,,,,,,,,,,,,,,,,,,,,,,
,,,,,,,,,,,,,,,,,,,,,,,,,,,,,,,,
,,,,,,,,,,,,,,,,,,,,,,,,,,,,,,,,
,,,,,,,,,,,,,,,,,,,,,,,,,,,,,,,,
,,,,,,,,,,,,,,,,,,,,,,,,,,,,,,,,
,,,,,,,,,,,,,,,,,,,,,,,,,,,,,,,,
,,,,,,,,,,,,,,,,,,,,,,,,,,,,,,,,
,,,,,,,,,,,,,,,,,,,,,,,,,,,,,,,,
,,,,,,,,,,,,,,,,,,,,,,,,,,,,,,,,
,,,,,,,,,,,,,,,,,,,,,,,,,,,,,,,,
,,,,,,,,,,,,,,,,,,,,,,,,,,,,,,,,
,,,,,,,,,,,,,,,,,,,,,,,,,,,,,,,,
,,,,,,,,,,,,,,,,,,,,,,,,,,,,,,,,
,,,,,,,,,,,,,,,,,,,,,,,,,,,,,,,,
,,,,,,,,,,,,,,,,,,,,,,,,,,,,,,,,
,,,,,,,,,,,,,,,,,,,,,,,,,,,,,,,,
,,,,,,,,,,,,,,,,,,,,,,,,,,,,,,,,
,,,,,,,,,,,,,,,,,,,,,,,,,,,,,,,,
,,,,,,,,,,,,,,,,,,,,,,,,,,,,,,,,
,,,,,,,,,,,,,,,,,,,,,,,,,,,,,,,,
,,,,,,,,,,,,,,,,,,,,,,,,,,,,,,,,
,,,,,,,,,,,,,,,,,,,,,,,,,,,,,,,,
,,,,,,,,,,,,,,,,,,,,,,,,,,,,,,,,
,,,,,,,,,,,,,,,,,,,,,,,,,,,,,,,,
,,,,,,,,,,,,,,,,,,,,,,,,,,,,,,,,
,,,,,,,,,,,,,,,,,,,,,,,,,,,,,,,,
,,,,,,,,,,,,,,,,,,,,,,,,,,,,,,,,
,,,,,,,,,,,,,,,,,,,,,,,,,,,,,,,,
,,,,,,,,,,,,,,,,,,,,,,,,,,,,,,,,
,,,,,,,,,,,,,,,,,,,,,,,,,,,,,,,,
,,,,,,,,,,,,,,,,,,,,,,,,,,,,,,,,
,,,,,,,,,,,,,,,,,,,,,,,,,,,,,,,,
,,,,,,,,,,,,,,,,,,,,,,,,,,,,,,,,
,,,,,,,,,,,,,,,,,,,,,,,,,,,,,,,,
,,,,,,,,,,,,,,,,,,,,,,,,,,,,,,,,
,,,,,,,,,,,,,,,,,,,,,,,,,,,,,,,,
,,,,,,,,,,,,,,,,,,,,,,,,,,,,,,,,
,,,,,,,,,,,,,,,,,,,,,,,,,,,,,,,,
,,,,,,,,,,,,,,,,,,,,,,,,,,,,,,,,
,,,,,,,,,,,,,,,,,,,,,,,,,,,,,,,,
,,,,,,,,,,,,,,,,,,,,,,,,,,,,,,,,
,,,,,,,,,,,,,,,,,,,,,,,,,,,,,,,,
,,,,,,,,,,,,,,,,,,,,,,,,,,,,,,,,
,,,,,,,,,,,,,,,,,,,,,,,,,,,,,,,,
,,,,,,,,,,,,,,,,,,,,,,,,,,,,,,,,
,,,,,,,,,,,,,,,,,,,,,,,,,,,,,,,,
,,,,,,,,,,,,,,,,,,,,,,,,,,,,,,,,
,,,,,,,,,,,,,,,,,,,,,,,,,,,,,,,,
,,,,,,,,,,,,,,,,,,,,,,,,,,,,,,,,
,,,,,,,,,,,,,,,,,,,,,,,,,,,,,,,,
,,,,,,,,,,,,,,,,,,,,,,,,,,,,,,,,
,,,,,,,,,,,,,,,,,,,,,,,,,,,,,,,,
,,,,,,,,,,,,,,,,,,,,,,,,,,,,,,,,
,,,,,,,,,,,,,,,,,,,,,,,,,,,,,,,,
,,,,,,,,,,,,,,,,,,,,,,,,,,,,,,,,
,,,,,,,,,,,,,,,,,,,,,,,,,,,,,,,,
,,,,,,,,,,,,,,,,,,,,,,,,,,,,,,,,
,,,,,,,,,,,,,,,,,,,,,,,,,,,,,,,,
,,,,,,,,,,,,,,,,,,,,,,,,,,,,,,,,
,,,,,,,,,,,,,,,,,,,,,,,,,,,,,,,,
,,,,,,,,,,,,,,,,,,,,,,,,,,,,,,,,
,,,,,,,,,,,,,,,,,,,,,,,,,,,,,,,,
,,,,,,,,,,,,,,,,,,,,,,,,,,,,,,,,
,,,,,,,,,,,,,,,,,,,,,,,,,,,,,,,,
,,,,,,,,,,,,,,,,,,,,,,,,,,,,,,,,
,,,,,,,,,,,,,,,,,,,,,,,,,,,,,,,,
,,,,,,,,,,,,,,,,,,,,,,,,,,,,,,,,
,,,,,,,,,,,,,,,,,,,,,,,,,,,,,,,,
,,,,,,,,,,,,,,,,,,,,,,,,,,,,,,,,
,,,,,,,,,,,,,,,,,,,,,,,,,,,,,,,,
,,,,,,,,,,,,,,,,,,,,,,,,,,,,,,,,
,,,,,,,,,,,,,,,,,,,,,,,,,,,,,,,,
,,,,,,,,,,,,,,,,,,,,,,,,,,,,,,,,
,,,,,,,,,,,,,,,,,,,,,,,,,,,,,,,,
,,,,,,,,,,,,,,,,,,,,,,,,,,,,,,,,
,,,,,,,,,,,,,,,,,,,,,,,,,,,,,,,,
,,,,,,,,,,,,,,,,,,,,,,,,,,,,,,,,
,,,,,,,,,,,,,,,,,,,,,,,,,,,,,,,,
,,,,,,,,,,,,,,,,,,,,,,,,,,,,,,,,
,,,,,,,,,,,,,,,,,,,,,,,,,,,,,,,,
,,,,,,,,,,,,,,,,,,,,,,,,,,,,,,,,
,,,,,,,,,,,,,,,,,,,,,,,,,,,,,,,,
,,,,,,,,,,,,,,,,,,,,,,,,,,,,,,,,
,,,,,,,,,,,,,,,,,,,,,,,,,,,,,,,,
,,,,,,,,,,,,,,,,,,,,,,,,,,,,,,,,
,,,,,,,,,,,,,,,,,,,,,,,,,,,,,,,,
,,,,,,,,,,,,,,,,,,,,,,,,,,,,,,,,
,,,,,,,,,,,,,,,,,,,,,,,,,,,,,,,,
,,,,,,,,,,,,,,,,,,,,,,,,,,,,,,,,
,,,,,,,,,,,,,,,,,,,,,,,,,,,,,,,,
,,,,,,,,,,,,,,,,,,,,,,,,,,,,,,,,
,,,,,,,,,,,,,,,,,,,,,,,,,,,,,,,,
,,,,,,,,,,,,,,,,,,,,,,,,,,,,,,,,
,,,,,,,,,,,,,,,,,,,,,,,,,,,,,,,,
,,,,,,,,,,,,,,,,,,,,,,,,,,,,,,,,
,,,,,,,,,,,,,,,,,,,,,,,,,,,,,,,,
,,,,,,,,,,,,,,,,,,,,,,,,,,,,,,,,
,,,,,,,,,,,,,,,,,,,,,,,,,,,,,,,,
,,,,,,,,,,,,,,,,,,,,,,,,,,,,,,,,
,,,,,,,,,,,,,,,,,,,,,,,,,,,,,,,,
,,,,,,,,,,,,,,,,,,,,,,,,,,,,,,,,
,,,,,,,,,,,,,,,,,,,,,,,,,,,,,,,,
,,,,,,,,,,,,,,,,,,,,,,,,,,,,,,,,
,,,,,,,,,,,,,,,,,,,,,,,,,,,,,,,,
,,,,,,,,,,,,,,,,,,,,,,,,,,,,,,,,
,,,,,,,,,,,,,,,,,,,,,,,,,,,,,,,,
,,,,,,,,,,,,,,,,,,,,,,,,,,,,,,,,
,,,,,,,,,,,,,,,,,,,,,,,,,,,,,,,,
,,,,,,,,,,,,,,,,,,,,,,,,,,,,,,,,
,,,,,,,,,,,,,,,,,,,,,,,,,,,,,,,,
,,,,,,,,,,,,,,,,,,,,,,,,,,,,,,,,
,,,,,,,,,,,,,,,,,,,,,,,,,,,,,,,,
,,,,,,,,,,,,,,,,,,,,,,,,,,,,,,,,
,,,,,,,,,,,,,,,,,,,,,,,,,,,,,,,,
,,,,,,,,,,,,,,,,,,,,,,,,,,,,,,,,
,,,,,,,,,,,,,,,,,,,,,,,,,,,,,,,,
,,,,,,,,,,,,,,,,,,,,,,,,,,,,,,,,
,,,,,,,,,,,,,,,,,,,,,,,,,,,,,,,,
,,,,,,,,,,,,,,,,,,,,,,,,,,,,,,,,
,,,,,,,,,,,,,,,,,,,,,,,,,,,,,,,,
,,,,,,,,,,,,,,,,,,,,,,,,,,,,,,,,
,,,,,,,,,,,,,,,,,,,,,,,,,,,,,,,,
,,,,,,,,,,,,,,,,,,,,,,,,,,,,,,,,
,,,,,,,,,,,,,,,,,,,,,,,,,,,,,,,,
,,,,,,,,,,,,,,,,,,,,,,,,,,,,,,,,
,,,,,,,,,,,,,,,,,,,,,,,,,,,,,,,,
,,,,,,,,,,,,,,,,,,,,,,,,,,,,,,,,
,,,,,,,,,,,,,,,,,,,,,,,,,,,,,,,,
,,,,,,,,,,,,,,,,,,,,,,,,,,,,,,,,
,,,,,,,,,,,,,,,,,,,,,,,,,,,,,,,,
,,,,,,,,,,,,,,,,,,,,,,,,,,,,,,,,
,,,,,,,,,,,,,,,,,,,,,,,,,,,,,,,,
,,,,,,,,,,,,,,,,,,,,,,,,,,,,,,,,
,,,,,,,,,,,,,,,,,,,,,,,,,,,,,,,,
,,,,,,,,,,,,,,,,,,,,,,,,,,,,,,,,
,,,,,,,,,,,,,,,,,,,,,,,,,,,,,,,,
,,,,,,,,,,,,,,,,,,,,,,,,,,,,,,,,
,,,,,,,,,,,,,,,,,,,,,,,,,,,,,,,,
,,,,,,,,,,,,,,,,,,,,,,,,,,,,,,,,
,,,,,,,,,,,,,,,,,,,,,,,,,,,,,,,,
,,,,,,,,,,,,,,,,,,,,,,,,,,,,,,,,
,,,,,,,,,,,,,,,,,,,,,,,,,,,,,,,,
,,,,,,,,,,,,,,,,,,,,,,,,,,,,,,,,
,,,,,,,,,,,,,,,,,,,,,,,,,,,,,,,,
,,,,,,,,,,,,,,,,,,,,,,,,,,,,,,,,
,,,,,,,,,,,,,,,,,,,,,,,,,,,,,,,,
,,,,,,,,,,,,,,,,,,,,,,,,,,,,,,,,
,,,,,,,,,,,,,,,,,,,,,,,,,,,,,,,,
,,,,,,,,,,,,,,,,,,,,,,,,,,,,,,,,
,,,,,,,,,,,,,,,,,,,,,,,,,,,,,,,,
,,,,,,,,,,,,,,,,,,,,,,,,,,,,,,,,
,,,,,,,,,,,,,,,,,,,,,,,,,,,,,,,,
,,,,,,,,,,,,,,,,,,,,,,,,,,,,,,,,
,,,,,,,,,,,,,,,,,,,,,,,,,,,,,,,,
,,,,,,,,,,,,,,,,,,,,,,,,,,,,,,,,
,,,,,,,,,,,,,,,,,,,,,,,,,,,,,,,,
,,,,,,,,,,,,,,,,,,,,,,,,,,,,,,,,
,,,,,,,,,,,,,,,,,,,,,,,,,,,,,,,,
,,,,,,,,,,,,,,,,,,,,,,,,,,,,,,,,
,,,,,,,,,,,,,,,,,,,,,,,,,,,,,,,,
,,,,,,,,,,,,,,,,,,,,,,,,,,,,,,,,
,,,,,,,,,,,,,,,,,,,,,,,,,,,,,,,,
,,,,,,,,,,,,,,,,,,,,,,,,,,,,,,,,
,,,,,,,,,,,,,,,,,,,,,,,,,,,,,,,,
,,,,,,,,,,,,,,,,,,,,,,,,,,,,,,,,
,,,,,,,,,,,,,,,,,,,,,,,,,,,,,,,,
,,,,,,,,,,,,,,,,,,,,,,,,,,,,,,,,
,,,,,,,,,,,,,,,,,,,,,,,,,,,,,,,,
,,,,,,,,,,,,,,,,,,,,,,,,,,,,,,,,
,,,,,,,,,,,,,,,,,,,,,,,,,,,,,,,,
,,,,,,,,,,,,,,,,,,,,,,,,,,,,,,,,
,,,,,,,,,,,,,,,,,,,,,,,,,,,,,,,,
,,,,,,,,,,,,,,,,,,,,,,,,,,,,,,,,
,,,,,,,,,,,,,,,,,,,,,,,,,,,,,,,,
,,,,,,,,,,,,,,,,,,,,,,,,,,,,,,,,
,,,,,,,,,,,,,,,,,,,,,,,,,,,,,,,,
,,,,,,,,,,,,,,,,,,,,,,,,,,,,,,,,
,,,,,,,,,,,,,,,,,,,,,,,,,,,,,,,,
,,,,,,,,,,,,,,,,,,,,,,,,,,,,,,,,
,,,,,,,,,,,,,,,,,,,,,,,,,,,,,,,,
,,,,,,,,,,,,,,,,,,,,,,,,,,,,,,,,
,,,,,,,,,,,,,,,,,,,,,,,,,,,,,,,,
,,,,,,,,,,,,,,,,,,,,,,,,,,,,,,,,
,,,,,,,,,,,,,,,,,,,,,,,,,,,,,,,,
,,,,,,,,,,,,,,,,,,,,,,,,,,,,,,,,
,,,,,,,,,,,,,,,,,,,,,,,,,,,,,,,,
,,,,,,,,,,,,,,,,,,,,,,,,,,,,,,,,
,,,,,,,,,,,,,,,,,,,,,,,,,,,,,,,,
,,,,,,,,,,,,,,,,,,,,,,,,,,,,,,,,
,,,,,,,,,,,,,,,,,,,,,,,,,,,,,,,,
,,,,,,,,,,,,,,,,,,,,,,,,,,,,,,,,
,,,,,,,,,,,,,,,,,,,,,,,,,,,,,,,,
,,,,,,,,,,,,,,,,,,,,,,,,,,,,,,,,
,,,,,,,,,,,,,,,,,,,,,,,,,,,,,,,,
,,,,,,,,,,,,,,,,,,,,,,,,,,,,,,,,
,,,,,,,,,,,,,,,,,,,,,,,,,,,,,,,,
,,,,,,,,,,,,,,,,,,,,,,,,,,,,,,,,
,,,,,,,,,,,,,,,,,,,,,,,,,,,,,,,,
,,,,,,,,,,,,,,,,,,,,,,,,,,,,,,,,
,,,,,,,,,,,,,,,,,,,,,,,,,,,,,,,,
,,,,,,,,,,,,,,,,,,,,,,,,,,,,,,,,
,,,,,,,,,,,,,,,,,,,,,,,,,,,,,,,,
,,,,,,,,,,,,,,,,,,,,,,,,,,,,,,,,
,,,,,,,,,,,,,,,,,,,,,,,,,,,,,,,,
,,,,,,,,,,,,,,,,,,,,,,,,,,,,,,,,
,,,,,,,,,,,,,,,,,,,,,,,,,,,,,,,,
,,,,,,,,,,,,,,,,,,,,,,,,,,,,,,,,
,,,,,,,,,,,,,,,,,,,,,,,,,,,,,,,,
,,,,,,,,,,,,,,,,,,,,,,,,,,,,,,,,
,,,,,,,,,,,,,,,,,,,,,,,,,,,,,,,,
,,,,,,,,,,,,,,,,,,,,,,,,,,,,,,,,
,,,,,,,,,,,,,,,,,,,,,,,,,,,,,,,,
,,,,,,,,,,,,,,,,,,,,,,,,,,,,,,,,
,,,,,,,,,,,,,,,,,,,,,,,,,,,,,,,,
,,,,,,,,,,,,,,,,,,,,,,,,,,,,,,,,
,,,,,,,,,,,,,,,,,,,,,,,,,,,,,,,,
,,,,,,,,,,,,,,,,,,,,,,,,,,,,,,,,
,,,,,,,,,,,,,,,,,,,,,,,,,,,,,,,,
,,,,,,,,,,,,,,,,,,,,,,,,,,,,,,,,
,,,,,,,,,,,,,,,,,,,,,,,,,,,,,,,,
,,,,,,,,,,,,,,,,,,,,,,,,,,,,,,,,
,,,,,,,,,,,,,,,,,,,,,,,,,,,,,,,,
,,,,,,,,,,,,,,,,,,,,,,,,,,,,,,,,
,,,,,,,,,,,,,,,,,,,,,,,,,,,,,,,,
,,,,,,,,,,,,,,,,,,,,,,,,,,,,,,,,
,,,,,,,,,,,,,,,,,,,,,,,,,,,,,,,,
,,,,,,,,,,,,,,,,,,,,,,,,,,,,,,,,
,,,,,,,,,,,,,,,,,,,,,,,,,,,,,,,,
,,,,,,,,,,,,,,,,,,,,,,,,,,,,,,,,
,,,,,,,,,,,,,,,,,,,,,,,,,,,,,,,,
,,,,,,,,,,,,,,,,,,,,,,,,,,,,,,,,
,,,,,,,,,,,,,,,,,,,,,,,,,,,,,,,,
,,,,,,,,,,,,,,,,,,,,,,,,,,,,,,,,
,,,,,,,,,,,,,,,,,,,,,,,,,,,,,,,,
,,,,,,,,,,,,,,,,,,,,,,,,,,,,,,,,
,,,,,,,,,,,,,,,,,,,,,,,,,,,,,,,,
,,,,,,,,,,,,,,,,,,,,,,,,,,,,,,,,
,,,,,,,,,,,,,,,,,,,,,,,,,,,,,,,,
,,,,,,,,,,,,,,,,,,,,,,,,,,,,,,,,
,,,,,,,,,,,,,,,,,,,,,,,,,,,,,,,,
,,,,,,,,,,,,,,,,,,,,,,,,,,,,,,,,
,,,,,,,,,,,,,,,,,,,,,,,,,,,,,,,,
,,,,,,,,,,,,,,,,,,,,,,,,,,,,,,,,
,,,,,,,,,,,,,,,,,,,,,,,,,,,,,,,,
,,,,,,,,,,,,,,,,,,,,,,,,,,,,,,,,
,,,,,,,,,,,,,,,,,,,,,,,,,,,,,,,,
,,,,,,,,,,,,,,,,,,,,,,,,,,,,,,,,
,,,,,,,,,,,,,,,,,,,,,,,,,,,,,,,,
,,,,,,,,,,,,,,,,,,,,,,,,,,,,,,,,
,,,,,,,,,,,,,,,,,,,,,,,,,,,,,,,,
,,,,,,,,,,,,,,,,,,,,,,,,,,,,,,,,
,,,,,,,,,,,,,,,,,,,,,,,,,,,,,,,,
,,,,,,,,,,,,,,,,,,,,,,,,,,,,,,,,
,,,,,,,,,,,,,,,,,,,,,,,,,,,,,,,,
,,,,,,,,,,,,,,,,,,,,,,,,,,,,,,,,
,,,,,,,,,,,,,,,,,,,,,,,,,,,,,,,,
,,,,,,,,,,,,,,,,,,,,,,,,,,,,,,,,
,,,,,,,,,,,,,,,,,,,,,,,,,,,,,,,,
,,,,,,,,,,,,,,,,,,,,,,,,,,,,,,,,
,,,,,,,,,,,,,,,,,,,,,,,,,,,,,,,,
,,,,,,,,,,,,,,,,,,,,,,,,,,,,,,,,
,,,,,,,,,,,,,,,,,,,,,,,,,,,,,,,,
,,,,,,,,,,,,,,,,,,,,,,,,,,,,,,,,
,,,,,,,,,,,,,,,,,,,,,,,,,,,,,,,,
,,,,,,,,,,,,,,,,,,,,,,,,,,,,,,,,
,,,,,,,,,,,,,,,,,,,,,,,,,,,,,,,,
,,,,,,,,,,,,,,,,,,,,,,,,,,,,,,,,
,,,,,,,,,,,,,,,,,,,,,,,,,,,,,,,,
,,,,,,,,,,,,,,,,,,,,,,,,,,,,,,,,
,,,,,,,,,,,,,,,,,,,,,,,,,,,,,,,,
,,,,,,,,,,,,,,,,,,,,,,,,,,,,,,,,
,,,,,,,,,,,,,,,,,,,,,,,,,,,,,,,,
,,,,,,,,,,,,,,,,,,,,,,,,,,,,,,,,
,,,,,,,,,,,,,,,,,,,,,,,,,,,,,,,,
,,,,,,,,,,,,,,,,,,,,,,,,,,,,,,,,
,,,,,,,,,,,,,,,,,,,,,,,,,,,,,,,,
,,,,,,,,,,,,,,,,,,,,,,,,,,,,,,,,
,,,,,,,,,,,,,,,,,,,,,,,,,,,,,,,,
,,,,,,,,,,,,,,,,,,,,,,,,,,,,,,,,
,,,,,,,,,,,,,,,,,,,,,,,,,,,,,,,,
,,,,,,,,,,,,,,,,,,,,,,,,,,,,,,,,
,,,,,,,,,,,,,,,,,,,,,,,,,,,,,,,,
,,,,,,,,,,,,,,,,,,,,,,,,,,,,,,,,
,,,,,,,,,,,,,,,,,,,,,,,,,,,,,,,,
,,,,,,,,,,,,,,,,,,,,,,,,,,,,,,,,
,,,,,,,,,,,,,,,,,,,,,,,,,,,,,,,,
,,,,,,,,,,,,,,,,,,,,,,,,,,,,,,,,
,,,,,,,,,,,,,,,,,,,,,,,,,,,,,,,,
,,,,,,,,,,,,,,,,,,,,,,,,,,,,,,,,
,,,,,,,,,,,,,,,,,,,,,,,,,,,,,,,,
,,,,,,,,,,,,,,,,,,,,,,,,,,,,,,,,
,,,,,,,,,,,,,,,,,,,,,,,,,,,,,,,,
,,,,,,,,,,,,,,,,,,,,,,,,,,,,,,,,
,,,,,,,,,,,,,,,,,,,,,,,,,,,,,,,,
,,,,,,,,,,,,,,,,,,,,,,,,,,,,,,,,
,,,,,,,,,,,,,,,,,,,,,,,,,,,,,,,,
,,,,,,,,,,,,,,,,,,,,,,,,,,,,,,,,
,,,,,,,,,,,,,,,,,,,,,,,,,,,,,,,,
,,,,,,,,,,,,,,,,,,,,,,,,,,,,,,,,
,,,,,,,,,,,,,,,,,,,,,,,,,,,,,,,,
,,,,,,,,,,,,,,,,,,,,,,,,,,,,,,,,
,,,,,,,,,,,,,,,,,,,,,,,,,,,,,,,,
,,,,,,,,,,,,,,,,,,,,,,,,,,,,,,,,
,,,,,,,,,,,,,,,,,,,,,,,,,,,,,,,,
,,,,,,,,,,,,,,,,,,,,,,,,,,,,,,,,
,,,,,,,,,,,,,,,,,,,,,,,,,,,,,,,,
,,,,,,,,,,,,,,,,,,,,,,,,,,,,,,,,
,,,,,,,,,,,,,,,,,,,,,,,,,,,,,,,,
,,,,,,,,,,,,,,,,,,,,,,,,,,,,,,,,
,,,,,,,,,,,,,,,,,,,,,,,,,,,,,,,,
,,,,,,,,,,,,,,,,,,,,,,,,,,,,,,,,
,,,,,,,,,,,,,,,,,,,,,,,,,,,,,,,,
,,,,,,,,,,,,,,,,,,,,,,,,,,,,,,,,
,,,,,,,,,,,,,,,,,,,,,,,,,,,,,,,,
,,,,,,,,,,,,,,,,,,,,,,,,,,,,,,,,
,,,,,,,,,,,,,,,,,,,,,,,,,,,,,,,,
,,,,,,,,,,,,,,,,,,,,,,,,,,,,,,,,
,,,,,,,,,,,,,,,,,,,,,,,,,,,,,,,,
,,,,,,,,,,,,,,,,,,,,,,,,,,,,,,,,
,,,,,,,,,,,,,,,,,,,,,,,,,,,,,,,,
,,,,,,,,,,,,,,,,,,,,,,,,,,,,,,,,
,,,,,,,,,,,,,,,,,,,,,,,,,,,,,,,,
,,,,,,,,,,,,,,,,,,,,,,,,,,,,,,,,
,,,,,,,,,,,,,,,,,,,,,,,,,,,,,,,,
,,,,,,,,,,,,,,,,,,,,,,,,,,,,,,,,
,,,,,,,,,,,,,,,,,,,,,,,,,,,,,,,,
,,,,,,,,,,,,,,,,,,,,,,,,,,,,,,,,
,,,,,,,,,,,,,,,,,,,,,,,,,,,,,,,,
,,,,,,,,,,,,,,,,,,,,,,,,,,,,,,,,
,,,,,,,,,,,,,,,,,,,,,,,,,,,,,,,,
,,,,,,,,,,,,,,,,,,,,,,,,,,,,,,,,
,,,,,,,,,,,,,,,,,,,,,,,,,,,,,,,,
,,,,,,,,,,,,,,,,,,,,,,,,,,,,,,,,
,,,,,,,,,,,,,,,,,,,,,,,,,,,,,,,,
,,,,,,,,,,,,,,,,,,,,,,,,,,,,,,,,
,,,,,,,,,,,,,,,,,,,,,,,,,,,,,,,,
,,,,,,,,,,,,,,,,,,,,,,,,,,,,,,,,
,,,,,,,,,,,,,,,,,,,,,,,,,,,,,,,,
,,,,,,,,,,,,,,,,,,,,,,,,,,,,,,,,
,,,,,,,,,,,,,,,,,,,,,,,,,,,,,,,,
,,,,,,,,,,,,,,,,,,,,,,,,,,,,,,,,
,,,,,,,,,,,,,,,,,,,,,,,,,,,,,,,,
,,,,,,,,,,,,,,,,,,,,,,,,,,,,,,,,
,,,,,,,,,,,,,,,,,,,,,,,,,,,,,,,,
,,,,,,,,,,,,,,,,,,,,,,,,,,,,,,,,
,,,,,,,,,,,,,,,,,,,,,,,,,,,,,,,,
,,,,,,,,,,,,,,,,,,,,,,,,,,,,,,,,
,,,,,,,,,,,,,,,,,,,,,,,,,,,,,,,,
,,,,,,,,,,,,,,,,,,,,,,,,,,,,,,,,
,,,,,,,,,,,,,,,,,,,,,,,,,,,,,,,,
,,,,,,,,,,,,,,,,,,,,,,,,,,,,,,,,
,,,,,,,,,,,,,,,,,,,,,,,,,,,,,,,,
,,,,,,,,,,,,,,,,,,,,,,,,,,,,,,,,
,,,,,,,,,,,,,,,,,,,,,,,,,,,,,,,,
,,,,,,,,,,,,,,,,,,,,,,,,,,,,,,,,
,,,,,,,,,,,,,,,,,,,,,,,,,,,,,,,,
,,,,,,,,,,,,,,,,,,,,,,,,,,,,,,,,
,,,,,,,,,,,,,,,,,,,,,,,,,,,,,,,,
,,,,,,,,,,,,,,,,,,,,,,,,,,,,,,,,
,,,,,,,,,,,,,,,,,,,,,,,,,,,,,,,,
,,,,,,,,,,,,,,,,,,,,,,,,,,,,,,,,
,,,,,,,,,,,,,,,,,,,,,,,,,,,,,,,,
,,,,,,,,,,,,,,,,,,,,,,,,,,,,,,,,
,,,,,,,,,,,,,,,,,,,,,,,,,,,,,,,,
,,,,,,,,,,,,,,,,,,,,,,,,,,,,,,,,
,,,,,,,,,,,,,,,,,,,,,,,,,,,,,,,,
,,,,,,,,,,,,,,,,,,,,,,,,,,,,,,,,
,,,,,,,,,,,,,,,,,,,,,,,,,,,,,,,,
,,,,,,,,,,,,,,,,,,,,,,,,,,,,,,,,
,,,,,,,,,,,,,,,,,,,,,,,,,,,,,,,,
,,,,,,,,,,,,,,,,,,,,,,,,,,,,,,,,
,,,,,,,,,,,,,,,,,,,,,,,,,,,,,,,,
,,,,,,,,,,,,,,,,,,,,,,,,,,,,,,,,
,,,,,,,,,,,,,,,,,,,,,,,,,,,,,,,,
,,,,,,,,,,,,,,,,,,,,,,,,,,,,,,,,
,,,,,,,,,,,,,,,,,,,,,,,,,,,,,,,,
,,,,,,,,,,,,,,,,,,,,,,,,,,,,,,,,
,,,,,,,,,,,,,,,,,,,,,,,,,,,,,,,,
,,,,,,,,,,,,,,,,,,,,,,,,,,,,,,,,
,,,,,,,,,,,,,,,,,,,,,,,,,,,,,,,,
,,,,,,,,,,,,,,,,,,,,,,,,,,,,,,,,
,,,,,,,,,,,,,,,,,,,,,,,,,,,,,,,,
,,,,,,,,,,,,,,,,,,,,,,,,,,,,,,,,
,,,,,,,,,,,,,,,,,,,,,,,,,,,,,,,,
,,,,,,,,,,,,,,,,,,,,,,,,,,,,,,,,
,,,,,,,,,,,,,,,,,,,,,,,,,,,,,,,,
,,,,,,,,,,,,,,,,,,,,,,,,,,,,,,,,
,,,,,,,,,,,,,,,,,,,,,,,,,,,,,,,,
,,,,,,,,,,,,,,,,,,,,,,,,,,,,,,,,
,,,,,,,,,,,,,,,,,,,,,,,,,,,,,,,,
,,,,,,,,,,,,,,,,,,,,,,,,,,,,,,,,
,,,,,,,,,,,,,,,,,,,,,,,,,,,,,,,,
,,,,,,,,,,,,,,,,,,,,,,,,,,,,,,,,
,,,,,,,,,,,,,,,,,,,,,,,,,,,,,,,,
,,,,,,,,,,,,,,,,,,,,,,,,,,,,,,,,
,,,,,,,,,,,,,,,,,,,,,,,,,,,,,,,,
,,,,,,,,,,,,,,,,,,,,,,,,,,,,,,,,
,,,,,,,,,,,,,,,,,,,,,,,,,,,,,,,,
,,,,,,,,,,,,,,,,,,,,,,,,,,,,,,,,
,,,,,,,,,,,,,,,,,,,,,,,,,,,,,,,,
,,,,,,,,,,,,,,,,,,,,,,,,,,,,,,,,
,,,,,,,,,,,,,,,,,,,,,,,,,,,,,,,,
,,,,,,,,,,,,,,,,,,,,,,,,,,,,,,,,
,,,,,,,,,,,,,,,,,,,,,,,,,,,,,,,,
,,,,,,,,,,,,,,,,,,,,,,,,,,,,,,,,
,,,,,,,,,,,,,,,,,,,,,,,,,,,,,,,,
,,,,,,,,,,,,,,,,,,,,,,,,,,,,,,,,
,,,,,,,,,,,,,,,,,,,,,,,,,,,,,,,,
,,,,,,,,,,,,,,,,,,,,,,,,,,,,,,,,
,,,,,,,,,,,,,,,,,,,,,,,,,,,,,,,,
,,,,,,,,,,,,,,,,,,,,,,,,,,,,,,,,
,,,,,,,,,,,,,,,,,,,,,,,,,,,,,,,,
,,,,,,,,,,,,,,,,,,,,,,,,,,,,,,,,
,,,,,,,,,,,,,,,,,,,,,,,,,,,,,,,,
,,,,,,,,,,,,,,,,,,,,,,,,,,,,,,,,
,,,,,,,,,,,,,,,,,,,,,,,,,,,,,,,,
,,,,,,,,,,,,,,,,,,,,,,,,,,,,,,,,
,,,,,,,,,,,,,,,,,,,,,,,,,,,,,,,,
,,,,,,,,,,,,,,,,,,,,,,,,,,,,,,,,
,,,,,,,,,,,,,,,,,,,,,,,,,,,,,,,,
,,,,,,,,,,,,,,,,,,,,,,,,,,,,,,,,
,,,,,,,,,,,,,,,,,,,,,,,,,,,,,,,,
,,,,,,,,,,,,,,,,,,,,,,,,,,,,,,,,
,,,,,,,,,,,,,,,,,,,,,,,,,,,,,,,,
,,,,,,,,,,,,,,,,,,,,,,,,,,,,,,,,
,,,,,,,,,,,,,,,,,,,,,,,,,,,,,,,,
,,,,,,,,,,,,,,,,,,,,,,,,,,,,,,,,
,,,,,,,,,,,,,,,,,,,,,,,,,,,,,,,,
,,,,,,,,,,,,,,,,,,,,,,,,,,,,,,,,
,,,,,,,,,,,,,,,,,,,,,,,,,,,,,,,,
,,,,,,,,,,,,,,,,,,,,,,,,,,,,,,,,
,,,,,,,,,,,,,,,,,,,,,,,,,,,,,,,,
,,,,,,,,,,,,,,,,,,,,,,,,,,,,,,,,
,,,,,,,,,,,,,,,,,,,,,,,,,,,,,,,,
,,,,,,,,,,,425,,,,,,,,,,,,,,,,,,,,,
